[
  {
    "name": "Application Start",
    "start": 1590201246167,
    "end": 1590201247427,
    "duration": 1260,
    "pid": 23835,
    "index": 0
  },
  {
    "name": "Load Plugin",
    "start": 1590201246169,
    "end": 1590201246173,
    "duration": 4,
    "pid": 23835,
    "index": 1
  },
  {
    "name": "Load Config",
    "start": 1590201246174,
    "end": 1590201246183,
    "duration": 9,
    "pid": 23835,
    "index": 2
  },
  {
    "name": "Require(0) config/config.default.js",
    "start": 1590201246174,
    "end": 1590201246174,
    "duration": 0,
    "pid": 23835,
    "index": 3
  },
  {
    "name": "Require(1) node_modules/egg-session/config/config.default.js",
    "start": 1590201246175,
    "end": 1590201246175,
    "duration": 0,
    "pid": 23835,
    "index": 4
  },
  {
    "name": "Require(2) node_modules/egg-security/config/config.default.js",
    "start": 1590201246175,
    "end": 1590201246175,
    "duration": 0,
    "pid": 23835,
    "index": 5
  },
  {
    "name": "Require(3) node_modules/egg-jsonp/config/config.default.js",
    "start": 1590201246176,
    "end": 1590201246176,
    "duration": 0,
    "pid": 23835,
    "index": 6
  },
  {
    "name": "Require(4) node_modules/egg-onerror/config/config.default.js",
    "start": 1590201246176,
    "end": 1590201246176,
    "duration": 0,
    "pid": 23835,
    "index": 7
  },
  {
    "name": "Require(5) node_modules/egg-i18n/config/config.default.js",
    "start": 1590201246177,
    "end": 1590201246177,
    "duration": 0,
    "pid": 23835,
    "index": 8
  },
  {
    "name": "Require(6) node_modules/egg-watcher/config/config.default.js",
    "start": 1590201246177,
    "end": 1590201246177,
    "duration": 0,
    "pid": 23835,
    "index": 9
  },
  {
    "name": "Require(7) node_modules/egg-schedule/config/config.default.js",
    "start": 1590201246177,
    "end": 1590201246177,
    "duration": 0,
    "pid": 23835,
    "index": 10
  },
  {
    "name": "Require(8) node_modules/egg-multipart/config/config.default.js",
    "start": 1590201246178,
    "end": 1590201246178,
    "duration": 0,
    "pid": 23835,
    "index": 11
  },
  {
    "name": "Require(9) node_modules/egg-development/config/config.default.js",
    "start": 1590201246178,
    "end": 1590201246178,
    "duration": 0,
    "pid": 23835,
    "index": 12
  },
  {
    "name": "Require(10) node_modules/egg-logrotator/config/config.default.js",
    "start": 1590201246178,
    "end": 1590201246179,
    "duration": 1,
    "pid": 23835,
    "index": 13
  },
  {
    "name": "Require(11) node_modules/egg-static/config/config.default.js",
    "start": 1590201246179,
    "end": 1590201246179,
    "duration": 0,
    "pid": 23835,
    "index": 14
  },
  {
    "name": "Require(12) node_modules/egg-view/config/config.default.js",
    "start": 1590201246179,
    "end": 1590201246179,
    "duration": 0,
    "pid": 23835,
    "index": 15
  },
  {
    "name": "Require(13) node_modules/egg-mongoose/config/config.default.js",
    "start": 1590201246179,
    "end": 1590201246179,
    "duration": 0,
    "pid": 23835,
    "index": 16
  },
  {
    "name": "Require(14) node_modules/egg-cors/config/config.default.js",
    "start": 1590201246180,
    "end": 1590201246180,
    "duration": 0,
    "pid": 23835,
    "index": 17
  },
  {
    "name": "Require(15) node_modules/egg/config/config.default.js",
    "start": 1590201246180,
    "end": 1590201246180,
    "duration": 0,
    "pid": 23835,
    "index": 18
  },
  {
    "name": "Require(16) config/config.default.js",
    "start": 1590201246181,
    "end": 1590201246181,
    "duration": 0,
    "pid": 23835,
    "index": 19
  },
  {
    "name": "Require(17) node_modules/egg-security/config/config.local.js",
    "start": 1590201246181,
    "end": 1590201246181,
    "duration": 0,
    "pid": 23835,
    "index": 20
  },
  {
    "name": "Require(18) node_modules/egg-watcher/config/config.local.js",
    "start": 1590201246182,
    "end": 1590201246182,
    "duration": 0,
    "pid": 23835,
    "index": 21
  },
  {
    "name": "Require(19) node_modules/egg-view/config/config.local.js",
    "start": 1590201246182,
    "end": 1590201246182,
    "duration": 0,
    "pid": 23835,
    "index": 22
  },
  {
    "name": "Require(20) node_modules/egg/config/config.local.js",
    "start": 1590201246182,
    "end": 1590201246182,
    "duration": 0,
    "pid": 23835,
    "index": 23
  },
  {
    "name": "Load extend/application.js",
    "start": 1590201246183,
    "end": 1590201246187,
    "duration": 4,
    "pid": 23835,
    "index": 24
  },
  {
    "name": "Require(21) node_modules/egg-session/app/extend/application.js",
    "start": 1590201246184,
    "end": 1590201246184,
    "duration": 0,
    "pid": 23835,
    "index": 25
  },
  {
    "name": "Require(22) node_modules/egg-security/app/extend/application.js",
    "start": 1590201246184,
    "end": 1590201246184,
    "duration": 0,
    "pid": 23835,
    "index": 26
  },
  {
    "name": "Require(23) node_modules/egg-jsonp/app/extend/application.js",
    "start": 1590201246184,
    "end": 1590201246185,
    "duration": 1,
    "pid": 23835,
    "index": 27
  },
  {
    "name": "Require(24) node_modules/egg-logrotator/app/extend/application.js",
    "start": 1590201246185,
    "end": 1590201246185,
    "duration": 0,
    "pid": 23835,
    "index": 28
  },
  {
    "name": "Require(25) node_modules/egg-view/app/extend/application.js",
    "start": 1590201246186,
    "end": 1590201246186,
    "duration": 0,
    "pid": 23835,
    "index": 29
  },
  {
    "name": "Load extend/request.js",
    "start": 1590201246187,
    "end": 1590201246188,
    "duration": 1,
    "pid": 23835,
    "index": 30
  },
  {
    "name": "Require(26) node_modules/egg/app/extend/request.js",
    "start": 1590201246187,
    "end": 1590201246187,
    "duration": 0,
    "pid": 23835,
    "index": 31
  },
  {
    "name": "Load extend/response.js",
    "start": 1590201246188,
    "end": 1590201246189,
    "duration": 1,
    "pid": 23835,
    "index": 32
  },
  {
    "name": "Require(27) node_modules/egg/app/extend/response.js",
    "start": 1590201246188,
    "end": 1590201246189,
    "duration": 1,
    "pid": 23835,
    "index": 33
  },
  {
    "name": "Load extend/context.js",
    "start": 1590201246189,
    "end": 1590201246219,
    "duration": 30,
    "pid": 23835,
    "index": 34
  },
  {
    "name": "Require(28) node_modules/egg-security/app/extend/context.js",
    "start": 1590201246189,
    "end": 1590201246192,
    "duration": 3,
    "pid": 23835,
    "index": 35
  },
  {
    "name": "Require(29) node_modules/egg-jsonp/app/extend/context.js",
    "start": 1590201246192,
    "end": 1590201246192,
    "duration": 0,
    "pid": 23835,
    "index": 36
  },
  {
    "name": "Require(30) node_modules/egg-i18n/app/extend/context.js",
    "start": 1590201246193,
    "end": 1590201246193,
    "duration": 0,
    "pid": 23835,
    "index": 37
  },
  {
    "name": "Require(31) node_modules/egg-multipart/app/extend/context.js",
    "start": 1590201246193,
    "end": 1590201246217,
    "duration": 24,
    "pid": 23835,
    "index": 38
  },
  {
    "name": "Require(32) node_modules/egg-view/app/extend/context.js",
    "start": 1590201246217,
    "end": 1590201246218,
    "duration": 1,
    "pid": 23835,
    "index": 39
  },
  {
    "name": "Require(33) node_modules/egg-mongoose/app/extend/context.js",
    "start": 1590201246218,
    "end": 1590201246218,
    "duration": 0,
    "pid": 23835,
    "index": 40
  },
  {
    "name": "Require(34) node_modules/egg/app/extend/context.js",
    "start": 1590201246218,
    "end": 1590201246218,
    "duration": 0,
    "pid": 23835,
    "index": 41
  },
  {
    "name": "Load extend/helper.js",
    "start": 1590201246219,
    "end": 1590201246226,
    "duration": 7,
    "pid": 23835,
    "index": 42
  },
  {
    "name": "Require(35) node_modules/egg-security/app/extend/helper.js",
    "start": 1590201246219,
    "end": 1590201246225,
    "duration": 6,
    "pid": 23835,
    "index": 43
  },
  {
    "name": "Require(36) node_modules/egg/app/extend/helper.js",
    "start": 1590201246225,
    "end": 1590201246225,
    "duration": 0,
    "pid": 23835,
    "index": 44
  },
  {
    "name": "Load app.js",
    "start": 1590201246226,
    "end": 1590201246241,
    "duration": 15,
    "pid": 23835,
    "index": 45
  },
  {
    "name": "Require(37) node_modules/egg-session/app.js",
    "start": 1590201246226,
    "end": 1590201246226,
    "duration": 0,
    "pid": 23835,
    "index": 46
  },
  {
    "name": "Require(38) node_modules/egg-security/app.js",
    "start": 1590201246226,
    "end": 1590201246227,
    "duration": 1,
    "pid": 23835,
    "index": 47
  },
  {
    "name": "Require(39) node_modules/egg-onerror/app.js",
    "start": 1590201246227,
    "end": 1590201246230,
    "duration": 3,
    "pid": 23835,
    "index": 48
  },
  {
    "name": "Require(40) node_modules/egg-i18n/app.js",
    "start": 1590201246230,
    "end": 1590201246238,
    "duration": 8,
    "pid": 23835,
    "index": 49
  },
  {
    "name": "Require(41) node_modules/egg-watcher/app.js",
    "start": 1590201246238,
    "end": 1590201246239,
    "duration": 1,
    "pid": 23835,
    "index": 50
  },
  {
    "name": "Require(42) node_modules/egg-schedule/app.js",
    "start": 1590201246239,
    "end": 1590201246239,
    "duration": 0,
    "pid": 23835,
    "index": 51
  },
  {
    "name": "Require(43) node_modules/egg-multipart/app.js",
    "start": 1590201246240,
    "end": 1590201246240,
    "duration": 0,
    "pid": 23835,
    "index": 52
  },
  {
    "name": "Require(44) node_modules/egg-development/app.js",
    "start": 1590201246240,
    "end": 1590201246240,
    "duration": 0,
    "pid": 23835,
    "index": 53
  },
  {
    "name": "Require(45) node_modules/egg-logrotator/app.js",
    "start": 1590201246240,
    "end": 1590201246240,
    "duration": 0,
    "pid": 23835,
    "index": 54
  },
  {
    "name": "Require(46) node_modules/egg-static/app.js",
    "start": 1590201246241,
    "end": 1590201246241,
    "duration": 0,
    "pid": 23835,
    "index": 55
  },
  {
    "name": "Require(47) node_modules/egg-mongoose/app.js",
    "start": 1590201246241,
    "end": 1590201246241,
    "duration": 0,
    "pid": 23835,
    "index": 56
  },
  {
    "name": "Require(48) node_modules/egg-cors/app.js",
    "start": 1590201246241,
    "end": 1590201246241,
    "duration": 0,
    "pid": 23835,
    "index": 57
  },
  {
    "name": "Before Start in node_modules/egg-watcher/lib/init.js:15:14",
    "start": 1590201246250,
    "end": 1590201246507,
    "duration": 257,
    "pid": 23835,
    "index": 58
  },
  {
    "name": "Before Start in node_modules/egg-mongoose/lib/mongoose.js:91:7",
    "start": 1590201246433,
    "end": 1590201247426,
    "duration": 993,
    "pid": 23835,
    "index": 59
  },
  {
    "name": "Before Start in node_modules/egg-mongoose/lib/mongoose.js:49:9",
    "start": 1590201246433,
    "end": 1590201246500,
    "duration": 67,
    "pid": 23835,
    "index": 60
  },
  {
    "name": "Load Service",
    "start": 1590201246434,
    "end": 1590201246437,
    "duration": 3,
    "pid": 23835,
    "index": 61
  },
  {
    "name": "Load \"service\" to Context",
    "start": 1590201246434,
    "end": 1590201246437,
    "duration": 3,
    "pid": 23835,
    "index": 62
  },
  {
    "name": "Load Middleware",
    "start": 1590201246437,
    "end": 1590201246476,
    "duration": 39,
    "pid": 23835,
    "index": 63
  },
  {
    "name": "Load \"middlewares\" to Application",
    "start": 1590201246437,
    "end": 1590201246471,
    "duration": 34,
    "pid": 23835,
    "index": 64
  },
  {
    "name": "Load Controller",
    "start": 1590201246476,
    "end": 1590201246480,
    "duration": 4,
    "pid": 23835,
    "index": 65
  },
  {
    "name": "Load \"controller\" to Application",
    "start": 1590201246476,
    "end": 1590201246480,
    "duration": 4,
    "pid": 23835,
    "index": 66
  },
  {
    "name": "Load Router",
    "start": 1590201246480,
    "end": 1590201246483,
    "duration": 3,
    "pid": 23835,
    "index": 67
  },
  {
    "name": "Require(49) app/router.js",
    "start": 1590201246481,
    "end": 1590201246481,
    "duration": 0,
    "pid": 23835,
    "index": 68
  },
  {
    "name": "Before Start in node_modules/egg-core/lib/egg.js:303:10",
    "start": 1590201246481,
    "end": 1590201246500,
    "duration": 19,
    "pid": 23835,
    "index": 69
  },
  {
    "name": "Load \"model\" to Application",
    "start": 1590201246488,
    "end": 1590201246499,
    "duration": 11,
    "pid": 23835,
    "index": 70
  }
]