[
  {
    "name": "Application Start",
    "start": 1590200704571,
    "end": 1590200705849,
    "duration": 1278,
    "pid": 9744,
    "index": 0
  },
  {
    "name": "Load Plugin",
    "start": 1590200704573,
    "end": 1590200704577,
    "duration": 4,
    "pid": 9744,
    "index": 1
  },
  {
    "name": "Load Config",
    "start": 1590200704577,
    "end": 1590200704587,
    "duration": 10,
    "pid": 9744,
    "index": 2
  },
  {
    "name": "Require(0) config/config.default.js",
    "start": 1590200704578,
    "end": 1590200704578,
    "duration": 0,
    "pid": 9744,
    "index": 3
  },
  {
    "name": "Require(1) node_modules/egg-session/config/config.default.js",
    "start": 1590200704579,
    "end": 1590200704579,
    "duration": 0,
    "pid": 9744,
    "index": 4
  },
  {
    "name": "Require(2) node_modules/egg-security/config/config.default.js",
    "start": 1590200704579,
    "end": 1590200704579,
    "duration": 0,
    "pid": 9744,
    "index": 5
  },
  {
    "name": "Require(3) node_modules/egg-jsonp/config/config.default.js",
    "start": 1590200704580,
    "end": 1590200704580,
    "duration": 0,
    "pid": 9744,
    "index": 6
  },
  {
    "name": "Require(4) node_modules/egg-onerror/config/config.default.js",
    "start": 1590200704580,
    "end": 1590200704581,
    "duration": 1,
    "pid": 9744,
    "index": 7
  },
  {
    "name": "Require(5) node_modules/egg-i18n/config/config.default.js",
    "start": 1590200704581,
    "end": 1590200704581,
    "duration": 0,
    "pid": 9744,
    "index": 8
  },
  {
    "name": "Require(6) node_modules/egg-watcher/config/config.default.js",
    "start": 1590200704581,
    "end": 1590200704581,
    "duration": 0,
    "pid": 9744,
    "index": 9
  },
  {
    "name": "Require(7) node_modules/egg-schedule/config/config.default.js",
    "start": 1590200704581,
    "end": 1590200704581,
    "duration": 0,
    "pid": 9744,
    "index": 10
  },
  {
    "name": "Require(8) node_modules/egg-multipart/config/config.default.js",
    "start": 1590200704582,
    "end": 1590200704582,
    "duration": 0,
    "pid": 9744,
    "index": 11
  },
  {
    "name": "Require(9) node_modules/egg-development/config/config.default.js",
    "start": 1590200704582,
    "end": 1590200704582,
    "duration": 0,
    "pid": 9744,
    "index": 12
  },
  {
    "name": "Require(10) node_modules/egg-logrotator/config/config.default.js",
    "start": 1590200704582,
    "end": 1590200704583,
    "duration": 1,
    "pid": 9744,
    "index": 13
  },
  {
    "name": "Require(11) node_modules/egg-static/config/config.default.js",
    "start": 1590200704583,
    "end": 1590200704583,
    "duration": 0,
    "pid": 9744,
    "index": 14
  },
  {
    "name": "Require(12) node_modules/egg-view/config/config.default.js",
    "start": 1590200704583,
    "end": 1590200704583,
    "duration": 0,
    "pid": 9744,
    "index": 15
  },
  {
    "name": "Require(13) node_modules/egg-mongoose/config/config.default.js",
    "start": 1590200704583,
    "end": 1590200704584,
    "duration": 1,
    "pid": 9744,
    "index": 16
  },
  {
    "name": "Require(14) node_modules/egg-cors/config/config.default.js",
    "start": 1590200704584,
    "end": 1590200704584,
    "duration": 0,
    "pid": 9744,
    "index": 17
  },
  {
    "name": "Require(15) node_modules/egg/config/config.default.js",
    "start": 1590200704584,
    "end": 1590200704584,
    "duration": 0,
    "pid": 9744,
    "index": 18
  },
  {
    "name": "Require(16) config/config.default.js",
    "start": 1590200704585,
    "end": 1590200704585,
    "duration": 0,
    "pid": 9744,
    "index": 19
  },
  {
    "name": "Require(17) node_modules/egg-security/config/config.local.js",
    "start": 1590200704586,
    "end": 1590200704586,
    "duration": 0,
    "pid": 9744,
    "index": 20
  },
  {
    "name": "Require(18) node_modules/egg-watcher/config/config.local.js",
    "start": 1590200704586,
    "end": 1590200704586,
    "duration": 0,
    "pid": 9744,
    "index": 21
  },
  {
    "name": "Require(19) node_modules/egg-view/config/config.local.js",
    "start": 1590200704587,
    "end": 1590200704587,
    "duration": 0,
    "pid": 9744,
    "index": 22
  },
  {
    "name": "Require(20) node_modules/egg/config/config.local.js",
    "start": 1590200704587,
    "end": 1590200704587,
    "duration": 0,
    "pid": 9744,
    "index": 23
  },
  {
    "name": "Load extend/application.js",
    "start": 1590200704588,
    "end": 1590200704591,
    "duration": 3,
    "pid": 9744,
    "index": 24
  },
  {
    "name": "Require(21) node_modules/egg-session/app/extend/application.js",
    "start": 1590200704588,
    "end": 1590200704588,
    "duration": 0,
    "pid": 9744,
    "index": 25
  },
  {
    "name": "Require(22) node_modules/egg-security/app/extend/application.js",
    "start": 1590200704588,
    "end": 1590200704589,
    "duration": 1,
    "pid": 9744,
    "index": 26
  },
  {
    "name": "Require(23) node_modules/egg-jsonp/app/extend/application.js",
    "start": 1590200704589,
    "end": 1590200704589,
    "duration": 0,
    "pid": 9744,
    "index": 27
  },
  {
    "name": "Require(24) node_modules/egg-logrotator/app/extend/application.js",
    "start": 1590200704590,
    "end": 1590200704590,
    "duration": 0,
    "pid": 9744,
    "index": 28
  },
  {
    "name": "Require(25) node_modules/egg-view/app/extend/application.js",
    "start": 1590200704590,
    "end": 1590200704591,
    "duration": 1,
    "pid": 9744,
    "index": 29
  },
  {
    "name": "Load extend/request.js",
    "start": 1590200704591,
    "end": 1590200704593,
    "duration": 2,
    "pid": 9744,
    "index": 30
  },
  {
    "name": "Require(26) node_modules/egg/app/extend/request.js",
    "start": 1590200704592,
    "end": 1590200704592,
    "duration": 0,
    "pid": 9744,
    "index": 31
  },
  {
    "name": "Load extend/response.js",
    "start": 1590200704593,
    "end": 1590200704594,
    "duration": 1,
    "pid": 9744,
    "index": 32
  },
  {
    "name": "Require(27) node_modules/egg/app/extend/response.js",
    "start": 1590200704593,
    "end": 1590200704593,
    "duration": 0,
    "pid": 9744,
    "index": 33
  },
  {
    "name": "Load extend/context.js",
    "start": 1590200704594,
    "end": 1590200704626,
    "duration": 32,
    "pid": 9744,
    "index": 34
  },
  {
    "name": "Require(28) node_modules/egg-security/app/extend/context.js",
    "start": 1590200704594,
    "end": 1590200704597,
    "duration": 3,
    "pid": 9744,
    "index": 35
  },
  {
    "name": "Require(29) node_modules/egg-jsonp/app/extend/context.js",
    "start": 1590200704597,
    "end": 1590200704597,
    "duration": 0,
    "pid": 9744,
    "index": 36
  },
  {
    "name": "Require(30) node_modules/egg-i18n/app/extend/context.js",
    "start": 1590200704597,
    "end": 1590200704598,
    "duration": 1,
    "pid": 9744,
    "index": 37
  },
  {
    "name": "Require(31) node_modules/egg-multipart/app/extend/context.js",
    "start": 1590200704598,
    "end": 1590200704624,
    "duration": 26,
    "pid": 9744,
    "index": 38
  },
  {
    "name": "Require(32) node_modules/egg-view/app/extend/context.js",
    "start": 1590200704624,
    "end": 1590200704625,
    "duration": 1,
    "pid": 9744,
    "index": 39
  },
  {
    "name": "Require(33) node_modules/egg-mongoose/app/extend/context.js",
    "start": 1590200704625,
    "end": 1590200704625,
    "duration": 0,
    "pid": 9744,
    "index": 40
  },
  {
    "name": "Require(34) node_modules/egg/app/extend/context.js",
    "start": 1590200704625,
    "end": 1590200704625,
    "duration": 0,
    "pid": 9744,
    "index": 41
  },
  {
    "name": "Load extend/helper.js",
    "start": 1590200704626,
    "end": 1590200704633,
    "duration": 7,
    "pid": 9744,
    "index": 42
  },
  {
    "name": "Require(35) node_modules/egg-security/app/extend/helper.js",
    "start": 1590200704626,
    "end": 1590200704632,
    "duration": 6,
    "pid": 9744,
    "index": 43
  },
  {
    "name": "Require(36) node_modules/egg/app/extend/helper.js",
    "start": 1590200704633,
    "end": 1590200704633,
    "duration": 0,
    "pid": 9744,
    "index": 44
  },
  {
    "name": "Load app.js",
    "start": 1590200704634,
    "end": 1590200704649,
    "duration": 15,
    "pid": 9744,
    "index": 45
  },
  {
    "name": "Require(37) node_modules/egg-session/app.js",
    "start": 1590200704634,
    "end": 1590200704634,
    "duration": 0,
    "pid": 9744,
    "index": 46
  },
  {
    "name": "Require(38) node_modules/egg-security/app.js",
    "start": 1590200704634,
    "end": 1590200704635,
    "duration": 1,
    "pid": 9744,
    "index": 47
  },
  {
    "name": "Require(39) node_modules/egg-onerror/app.js",
    "start": 1590200704635,
    "end": 1590200704638,
    "duration": 3,
    "pid": 9744,
    "index": 48
  },
  {
    "name": "Require(40) node_modules/egg-i18n/app.js",
    "start": 1590200704638,
    "end": 1590200704643,
    "duration": 5,
    "pid": 9744,
    "index": 49
  },
  {
    "name": "Require(41) node_modules/egg-watcher/app.js",
    "start": 1590200704643,
    "end": 1590200704647,
    "duration": 4,
    "pid": 9744,
    "index": 50
  },
  {
    "name": "Require(42) node_modules/egg-schedule/app.js",
    "start": 1590200704647,
    "end": 1590200704647,
    "duration": 0,
    "pid": 9744,
    "index": 51
  },
  {
    "name": "Require(43) node_modules/egg-multipart/app.js",
    "start": 1590200704647,
    "end": 1590200704648,
    "duration": 1,
    "pid": 9744,
    "index": 52
  },
  {
    "name": "Require(44) node_modules/egg-development/app.js",
    "start": 1590200704648,
    "end": 1590200704648,
    "duration": 0,
    "pid": 9744,
    "index": 53
  },
  {
    "name": "Require(45) node_modules/egg-logrotator/app.js",
    "start": 1590200704648,
    "end": 1590200704648,
    "duration": 0,
    "pid": 9744,
    "index": 54
  },
  {
    "name": "Require(46) node_modules/egg-static/app.js",
    "start": 1590200704648,
    "end": 1590200704648,
    "duration": 0,
    "pid": 9744,
    "index": 55
  },
  {
    "name": "Require(47) node_modules/egg-mongoose/app.js",
    "start": 1590200704648,
    "end": 1590200704649,
    "duration": 1,
    "pid": 9744,
    "index": 56
  },
  {
    "name": "Require(48) node_modules/egg-cors/app.js",
    "start": 1590200704649,
    "end": 1590200704649,
    "duration": 0,
    "pid": 9744,
    "index": 57
  },
  {
    "name": "Before Start in node_modules/egg-watcher/lib/init.js:15:14",
    "start": 1590200704656,
    "end": 1590200704928,
    "duration": 272,
    "pid": 9744,
    "index": 58
  },
  {
    "name": "Before Start in node_modules/egg-mongoose/lib/mongoose.js:91:7",
    "start": 1590200704844,
    "end": 1590200705848,
    "duration": 1004,
    "pid": 9744,
    "index": 59
  },
  {
    "name": "Before Start in node_modules/egg-mongoose/lib/mongoose.js:49:9",
    "start": 1590200704844,
    "end": 1590200704921,
    "duration": 77,
    "pid": 9744,
    "index": 60
  },
  {
    "name": "Load Service",
    "start": 1590200704845,
    "end": 1590200704848,
    "duration": 3,
    "pid": 9744,
    "index": 61
  },
  {
    "name": "Load \"service\" to Context",
    "start": 1590200704845,
    "end": 1590200704848,
    "duration": 3,
    "pid": 9744,
    "index": 62
  },
  {
    "name": "Load Middleware",
    "start": 1590200704848,
    "end": 1590200704894,
    "duration": 46,
    "pid": 9744,
    "index": 63
  },
  {
    "name": "Load \"middlewares\" to Application",
    "start": 1590200704848,
    "end": 1590200704890,
    "duration": 42,
    "pid": 9744,
    "index": 64
  },
  {
    "name": "Load Controller",
    "start": 1590200704895,
    "end": 1590200704900,
    "duration": 5,
    "pid": 9744,
    "index": 65
  },
  {
    "name": "Load \"controller\" to Application",
    "start": 1590200704895,
    "end": 1590200704900,
    "duration": 5,
    "pid": 9744,
    "index": 66
  },
  {
    "name": "Load Router",
    "start": 1590200704900,
    "end": 1590200704903,
    "duration": 3,
    "pid": 9744,
    "index": 67
  },
  {
    "name": "Require(49) app/router.js",
    "start": 1590200704900,
    "end": 1590200704901,
    "duration": 1,
    "pid": 9744,
    "index": 68
  },
  {
    "name": "Before Start in node_modules/egg-core/lib/egg.js:303:10",
    "start": 1590200704901,
    "end": 1590200704921,
    "duration": 20,
    "pid": 9744,
    "index": 69
  },
  {
    "name": "Load \"model\" to Application",
    "start": 1590200704908,
    "end": 1590200704921,
    "duration": 13,
    "pid": 9744,
    "index": 70
  }
]