[
  {
    "name": "Application Start",
    "start": 1590200000572,
    "end": 1590200001828,
    "duration": 1256,
    "pid": 29904,
    "index": 0
  },
  {
    "name": "Load Plugin",
    "start": 1590200000574,
    "end": 1590200000578,
    "duration": 4,
    "pid": 29904,
    "index": 1
  },
  {
    "name": "Load Config",
    "start": 1590200000578,
    "end": 1590200000586,
    "duration": 8,
    "pid": 29904,
    "index": 2
  },
  {
    "name": "Require(0) config/config.default.js",
    "start": 1590200000578,
    "end": 1590200000579,
    "duration": 1,
    "pid": 29904,
    "index": 3
  },
  {
    "name": "Require(1) node_modules/egg-session/config/config.default.js",
    "start": 1590200000579,
    "end": 1590200000580,
    "duration": 1,
    "pid": 29904,
    "index": 4
  },
  {
    "name": "Require(2) node_modules/egg-security/config/config.default.js",
    "start": 1590200000580,
    "end": 1590200000580,
    "duration": 0,
    "pid": 29904,
    "index": 5
  },
  {
    "name": "Require(3) node_modules/egg-jsonp/config/config.default.js",
    "start": 1590200000580,
    "end": 1590200000581,
    "duration": 1,
    "pid": 29904,
    "index": 6
  },
  {
    "name": "Require(4) node_modules/egg-onerror/config/config.default.js",
    "start": 1590200000581,
    "end": 1590200000581,
    "duration": 0,
    "pid": 29904,
    "index": 7
  },
  {
    "name": "Require(5) node_modules/egg-i18n/config/config.default.js",
    "start": 1590200000581,
    "end": 1590200000581,
    "duration": 0,
    "pid": 29904,
    "index": 8
  },
  {
    "name": "Require(6) node_modules/egg-watcher/config/config.default.js",
    "start": 1590200000581,
    "end": 1590200000581,
    "duration": 0,
    "pid": 29904,
    "index": 9
  },
  {
    "name": "Require(7) node_modules/egg-schedule/config/config.default.js",
    "start": 1590200000582,
    "end": 1590200000582,
    "duration": 0,
    "pid": 29904,
    "index": 10
  },
  {
    "name": "Require(8) node_modules/egg-multipart/config/config.default.js",
    "start": 1590200000582,
    "end": 1590200000582,
    "duration": 0,
    "pid": 29904,
    "index": 11
  },
  {
    "name": "Require(9) node_modules/egg-development/config/config.default.js",
    "start": 1590200000582,
    "end": 1590200000582,
    "duration": 0,
    "pid": 29904,
    "index": 12
  },
  {
    "name": "Require(10) node_modules/egg-logrotator/config/config.default.js",
    "start": 1590200000583,
    "end": 1590200000583,
    "duration": 0,
    "pid": 29904,
    "index": 13
  },
  {
    "name": "Require(11) node_modules/egg-static/config/config.default.js",
    "start": 1590200000583,
    "end": 1590200000583,
    "duration": 0,
    "pid": 29904,
    "index": 14
  },
  {
    "name": "Require(12) node_modules/egg-view/config/config.default.js",
    "start": 1590200000583,
    "end": 1590200000583,
    "duration": 0,
    "pid": 29904,
    "index": 15
  },
  {
    "name": "Require(13) node_modules/egg-mongoose/config/config.default.js",
    "start": 1590200000583,
    "end": 1590200000584,
    "duration": 1,
    "pid": 29904,
    "index": 16
  },
  {
    "name": "Require(14) node_modules/egg-cors/config/config.default.js",
    "start": 1590200000584,
    "end": 1590200000584,
    "duration": 0,
    "pid": 29904,
    "index": 17
  },
  {
    "name": "Require(15) node_modules/egg/config/config.default.js",
    "start": 1590200000584,
    "end": 1590200000584,
    "duration": 0,
    "pid": 29904,
    "index": 18
  },
  {
    "name": "Require(16) config/config.default.js",
    "start": 1590200000585,
    "end": 1590200000585,
    "duration": 0,
    "pid": 29904,
    "index": 19
  },
  {
    "name": "Require(17) node_modules/egg-security/config/config.local.js",
    "start": 1590200000585,
    "end": 1590200000585,
    "duration": 0,
    "pid": 29904,
    "index": 20
  },
  {
    "name": "Require(18) node_modules/egg-watcher/config/config.local.js",
    "start": 1590200000586,
    "end": 1590200000586,
    "duration": 0,
    "pid": 29904,
    "index": 21
  },
  {
    "name": "Require(19) node_modules/egg-view/config/config.local.js",
    "start": 1590200000586,
    "end": 1590200000586,
    "duration": 0,
    "pid": 29904,
    "index": 22
  },
  {
    "name": "Require(20) node_modules/egg/config/config.local.js",
    "start": 1590200000586,
    "end": 1590200000586,
    "duration": 0,
    "pid": 29904,
    "index": 23
  },
  {
    "name": "Load extend/application.js",
    "start": 1590200000587,
    "end": 1590200000590,
    "duration": 3,
    "pid": 29904,
    "index": 24
  },
  {
    "name": "Require(21) node_modules/egg-session/app/extend/application.js",
    "start": 1590200000587,
    "end": 1590200000587,
    "duration": 0,
    "pid": 29904,
    "index": 25
  },
  {
    "name": "Require(22) node_modules/egg-security/app/extend/application.js",
    "start": 1590200000587,
    "end": 1590200000588,
    "duration": 1,
    "pid": 29904,
    "index": 26
  },
  {
    "name": "Require(23) node_modules/egg-jsonp/app/extend/application.js",
    "start": 1590200000588,
    "end": 1590200000588,
    "duration": 0,
    "pid": 29904,
    "index": 27
  },
  {
    "name": "Require(24) node_modules/egg-logrotator/app/extend/application.js",
    "start": 1590200000588,
    "end": 1590200000589,
    "duration": 1,
    "pid": 29904,
    "index": 28
  },
  {
    "name": "Require(25) node_modules/egg-view/app/extend/application.js",
    "start": 1590200000589,
    "end": 1590200000589,
    "duration": 0,
    "pid": 29904,
    "index": 29
  },
  {
    "name": "Load extend/request.js",
    "start": 1590200000590,
    "end": 1590200000591,
    "duration": 1,
    "pid": 29904,
    "index": 30
  },
  {
    "name": "Require(26) node_modules/egg/app/extend/request.js",
    "start": 1590200000590,
    "end": 1590200000591,
    "duration": 1,
    "pid": 29904,
    "index": 31
  },
  {
    "name": "Load extend/response.js",
    "start": 1590200000591,
    "end": 1590200000592,
    "duration": 1,
    "pid": 29904,
    "index": 32
  },
  {
    "name": "Require(27) node_modules/egg/app/extend/response.js",
    "start": 1590200000591,
    "end": 1590200000592,
    "duration": 1,
    "pid": 29904,
    "index": 33
  },
  {
    "name": "Load extend/context.js",
    "start": 1590200000592,
    "end": 1590200000619,
    "duration": 27,
    "pid": 29904,
    "index": 34
  },
  {
    "name": "Require(28) node_modules/egg-security/app/extend/context.js",
    "start": 1590200000592,
    "end": 1590200000595,
    "duration": 3,
    "pid": 29904,
    "index": 35
  },
  {
    "name": "Require(29) node_modules/egg-jsonp/app/extend/context.js",
    "start": 1590200000595,
    "end": 1590200000595,
    "duration": 0,
    "pid": 29904,
    "index": 36
  },
  {
    "name": "Require(30) node_modules/egg-i18n/app/extend/context.js",
    "start": 1590200000595,
    "end": 1590200000595,
    "duration": 0,
    "pid": 29904,
    "index": 37
  },
  {
    "name": "Require(31) node_modules/egg-multipart/app/extend/context.js",
    "start": 1590200000596,
    "end": 1590200000617,
    "duration": 21,
    "pid": 29904,
    "index": 38
  },
  {
    "name": "Require(32) node_modules/egg-view/app/extend/context.js",
    "start": 1590200000617,
    "end": 1590200000618,
    "duration": 1,
    "pid": 29904,
    "index": 39
  },
  {
    "name": "Require(33) node_modules/egg-mongoose/app/extend/context.js",
    "start": 1590200000618,
    "end": 1590200000618,
    "duration": 0,
    "pid": 29904,
    "index": 40
  },
  {
    "name": "Require(34) node_modules/egg/app/extend/context.js",
    "start": 1590200000618,
    "end": 1590200000619,
    "duration": 1,
    "pid": 29904,
    "index": 41
  },
  {
    "name": "Load extend/helper.js",
    "start": 1590200000619,
    "end": 1590200000625,
    "duration": 6,
    "pid": 29904,
    "index": 42
  },
  {
    "name": "Require(35) node_modules/egg-security/app/extend/helper.js",
    "start": 1590200000619,
    "end": 1590200000625,
    "duration": 6,
    "pid": 29904,
    "index": 43
  },
  {
    "name": "Require(36) node_modules/egg/app/extend/helper.js",
    "start": 1590200000625,
    "end": 1590200000625,
    "duration": 0,
    "pid": 29904,
    "index": 44
  },
  {
    "name": "Load app.js",
    "start": 1590200000626,
    "end": 1590200000639,
    "duration": 13,
    "pid": 29904,
    "index": 45
  },
  {
    "name": "Require(37) node_modules/egg-session/app.js",
    "start": 1590200000626,
    "end": 1590200000626,
    "duration": 0,
    "pid": 29904,
    "index": 46
  },
  {
    "name": "Require(38) node_modules/egg-security/app.js",
    "start": 1590200000626,
    "end": 1590200000626,
    "duration": 0,
    "pid": 29904,
    "index": 47
  },
  {
    "name": "Require(39) node_modules/egg-onerror/app.js",
    "start": 1590200000626,
    "end": 1590200000629,
    "duration": 3,
    "pid": 29904,
    "index": 48
  },
  {
    "name": "Require(40) node_modules/egg-i18n/app.js",
    "start": 1590200000629,
    "end": 1590200000633,
    "duration": 4,
    "pid": 29904,
    "index": 49
  },
  {
    "name": "Require(41) node_modules/egg-watcher/app.js",
    "start": 1590200000633,
    "end": 1590200000637,
    "duration": 4,
    "pid": 29904,
    "index": 50
  },
  {
    "name": "Require(42) node_modules/egg-schedule/app.js",
    "start": 1590200000637,
    "end": 1590200000637,
    "duration": 0,
    "pid": 29904,
    "index": 51
  },
  {
    "name": "Require(43) node_modules/egg-multipart/app.js",
    "start": 1590200000637,
    "end": 1590200000638,
    "duration": 1,
    "pid": 29904,
    "index": 52
  },
  {
    "name": "Require(44) node_modules/egg-development/app.js",
    "start": 1590200000638,
    "end": 1590200000638,
    "duration": 0,
    "pid": 29904,
    "index": 53
  },
  {
    "name": "Require(45) node_modules/egg-logrotator/app.js",
    "start": 1590200000638,
    "end": 1590200000638,
    "duration": 0,
    "pid": 29904,
    "index": 54
  },
  {
    "name": "Require(46) node_modules/egg-static/app.js",
    "start": 1590200000638,
    "end": 1590200000638,
    "duration": 0,
    "pid": 29904,
    "index": 55
  },
  {
    "name": "Require(47) node_modules/egg-mongoose/app.js",
    "start": 1590200000638,
    "end": 1590200000638,
    "duration": 0,
    "pid": 29904,
    "index": 56
  },
  {
    "name": "Require(48) node_modules/egg-cors/app.js",
    "start": 1590200000638,
    "end": 1590200000639,
    "duration": 1,
    "pid": 29904,
    "index": 57
  },
  {
    "name": "Before Start in node_modules/egg-watcher/lib/init.js:15:14",
    "start": 1590200000647,
    "end": 1590200000881,
    "duration": 234,
    "pid": 29904,
    "index": 58
  },
  {
    "name": "Before Start in node_modules/egg-mongoose/lib/mongoose.js:91:7",
    "start": 1590200000810,
    "end": 1590200001828,
    "duration": 1018,
    "pid": 29904,
    "index": 59
  },
  {
    "name": "Before Start in node_modules/egg-mongoose/lib/mongoose.js:49:9",
    "start": 1590200000810,
    "end": 1590200000874,
    "duration": 64,
    "pid": 29904,
    "index": 60
  },
  {
    "name": "Load Service",
    "start": 1590200000810,
    "end": 1590200000813,
    "duration": 3,
    "pid": 29904,
    "index": 61
  },
  {
    "name": "Load \"service\" to Context",
    "start": 1590200000810,
    "end": 1590200000813,
    "duration": 3,
    "pid": 29904,
    "index": 62
  },
  {
    "name": "Load Middleware",
    "start": 1590200000813,
    "end": 1590200000851,
    "duration": 38,
    "pid": 29904,
    "index": 63
  },
  {
    "name": "Load \"middlewares\" to Application",
    "start": 1590200000813,
    "end": 1590200000847,
    "duration": 34,
    "pid": 29904,
    "index": 64
  },
  {
    "name": "Load Controller",
    "start": 1590200000851,
    "end": 1590200000856,
    "duration": 5,
    "pid": 29904,
    "index": 65
  },
  {
    "name": "Load \"controller\" to Application",
    "start": 1590200000851,
    "end": 1590200000856,
    "duration": 5,
    "pid": 29904,
    "index": 66
  },
  {
    "name": "Load Router",
    "start": 1590200000856,
    "end": 1590200000858,
    "duration": 2,
    "pid": 29904,
    "index": 67
  },
  {
    "name": "Require(49) app/router.js",
    "start": 1590200000856,
    "end": 1590200000856,
    "duration": 0,
    "pid": 29904,
    "index": 68
  },
  {
    "name": "Before Start in node_modules/egg-core/lib/egg.js:303:10",
    "start": 1590200000856,
    "end": 1590200000874,
    "duration": 18,
    "pid": 29904,
    "index": 69
  },
  {
    "name": "Load \"model\" to Application",
    "start": 1590200000863,
    "end": 1590200000873,
    "duration": 10,
    "pid": 29904,
    "index": 70
  }
]