[
  {
    "name": "Application Start",
    "start": 1590201241788,
    "end": 1590201243049,
    "duration": 1261,
    "pid": 23792,
    "index": 0
  },
  {
    "name": "Load Plugin",
    "start": 1590201241789,
    "end": 1590201241796,
    "duration": 7,
    "pid": 23792,
    "index": 1
  },
  {
    "name": "Load Config",
    "start": 1590201241796,
    "end": 1590201241808,
    "duration": 12,
    "pid": 23792,
    "index": 2
  },
  {
    "name": "Require(0) config/config.default.js",
    "start": 1590201241796,
    "end": 1590201241796,
    "duration": 0,
    "pid": 23792,
    "index": 3
  },
  {
    "name": "Require(1) node_modules/egg-session/config/config.default.js",
    "start": 1590201241797,
    "end": 1590201241797,
    "duration": 0,
    "pid": 23792,
    "index": 4
  },
  {
    "name": "Require(2) node_modules/egg-security/config/config.default.js",
    "start": 1590201241797,
    "end": 1590201241798,
    "duration": 1,
    "pid": 23792,
    "index": 5
  },
  {
    "name": "Require(3) node_modules/egg-jsonp/config/config.default.js",
    "start": 1590201241798,
    "end": 1590201241799,
    "duration": 1,
    "pid": 23792,
    "index": 6
  },
  {
    "name": "Require(4) node_modules/egg-onerror/config/config.default.js",
    "start": 1590201241799,
    "end": 1590201241799,
    "duration": 0,
    "pid": 23792,
    "index": 7
  },
  {
    "name": "Require(5) node_modules/egg-i18n/config/config.default.js",
    "start": 1590201241799,
    "end": 1590201241799,
    "duration": 0,
    "pid": 23792,
    "index": 8
  },
  {
    "name": "Require(6) node_modules/egg-watcher/config/config.default.js",
    "start": 1590201241799,
    "end": 1590201241800,
    "duration": 1,
    "pid": 23792,
    "index": 9
  },
  {
    "name": "Require(7) node_modules/egg-schedule/config/config.default.js",
    "start": 1590201241800,
    "end": 1590201241800,
    "duration": 0,
    "pid": 23792,
    "index": 10
  },
  {
    "name": "Require(8) node_modules/egg-multipart/config/config.default.js",
    "start": 1590201241800,
    "end": 1590201241800,
    "duration": 0,
    "pid": 23792,
    "index": 11
  },
  {
    "name": "Require(9) node_modules/egg-development/config/config.default.js",
    "start": 1590201241801,
    "end": 1590201241801,
    "duration": 0,
    "pid": 23792,
    "index": 12
  },
  {
    "name": "Require(10) node_modules/egg-logrotator/config/config.default.js",
    "start": 1590201241801,
    "end": 1590201241801,
    "duration": 0,
    "pid": 23792,
    "index": 13
  },
  {
    "name": "Require(11) node_modules/egg-static/config/config.default.js",
    "start": 1590201241801,
    "end": 1590201241801,
    "duration": 0,
    "pid": 23792,
    "index": 14
  },
  {
    "name": "Require(12) node_modules/egg-view/config/config.default.js",
    "start": 1590201241802,
    "end": 1590201241802,
    "duration": 0,
    "pid": 23792,
    "index": 15
  },
  {
    "name": "Require(13) node_modules/egg-mongoose/config/config.default.js",
    "start": 1590201241802,
    "end": 1590201241802,
    "duration": 0,
    "pid": 23792,
    "index": 16
  },
  {
    "name": "Require(14) node_modules/egg-cors/config/config.default.js",
    "start": 1590201241802,
    "end": 1590201241802,
    "duration": 0,
    "pid": 23792,
    "index": 17
  },
  {
    "name": "Require(15) node_modules/egg/config/config.default.js",
    "start": 1590201241803,
    "end": 1590201241803,
    "duration": 0,
    "pid": 23792,
    "index": 18
  },
  {
    "name": "Require(16) config/config.default.js",
    "start": 1590201241806,
    "end": 1590201241807,
    "duration": 1,
    "pid": 23792,
    "index": 19
  },
  {
    "name": "Require(17) node_modules/egg-security/config/config.local.js",
    "start": 1590201241807,
    "end": 1590201241807,
    "duration": 0,
    "pid": 23792,
    "index": 20
  },
  {
    "name": "Require(18) node_modules/egg-watcher/config/config.local.js",
    "start": 1590201241807,
    "end": 1590201241807,
    "duration": 0,
    "pid": 23792,
    "index": 21
  },
  {
    "name": "Require(19) node_modules/egg-view/config/config.local.js",
    "start": 1590201241808,
    "end": 1590201241808,
    "duration": 0,
    "pid": 23792,
    "index": 22
  },
  {
    "name": "Require(20) node_modules/egg/config/config.local.js",
    "start": 1590201241808,
    "end": 1590201241808,
    "duration": 0,
    "pid": 23792,
    "index": 23
  },
  {
    "name": "Load extend/application.js",
    "start": 1590201241809,
    "end": 1590201241813,
    "duration": 4,
    "pid": 23792,
    "index": 24
  },
  {
    "name": "Require(21) node_modules/egg-session/app/extend/application.js",
    "start": 1590201241809,
    "end": 1590201241809,
    "duration": 0,
    "pid": 23792,
    "index": 25
  },
  {
    "name": "Require(22) node_modules/egg-security/app/extend/application.js",
    "start": 1590201241810,
    "end": 1590201241810,
    "duration": 0,
    "pid": 23792,
    "index": 26
  },
  {
    "name": "Require(23) node_modules/egg-jsonp/app/extend/application.js",
    "start": 1590201241810,
    "end": 1590201241811,
    "duration": 1,
    "pid": 23792,
    "index": 27
  },
  {
    "name": "Require(24) node_modules/egg-logrotator/app/extend/application.js",
    "start": 1590201241811,
    "end": 1590201241812,
    "duration": 1,
    "pid": 23792,
    "index": 28
  },
  {
    "name": "Require(25) node_modules/egg-view/app/extend/application.js",
    "start": 1590201241812,
    "end": 1590201241812,
    "duration": 0,
    "pid": 23792,
    "index": 29
  },
  {
    "name": "Load extend/request.js",
    "start": 1590201241813,
    "end": 1590201241814,
    "duration": 1,
    "pid": 23792,
    "index": 30
  },
  {
    "name": "Require(26) node_modules/egg/app/extend/request.js",
    "start": 1590201241813,
    "end": 1590201241813,
    "duration": 0,
    "pid": 23792,
    "index": 31
  },
  {
    "name": "Load extend/response.js",
    "start": 1590201241814,
    "end": 1590201241816,
    "duration": 2,
    "pid": 23792,
    "index": 32
  },
  {
    "name": "Require(27) node_modules/egg/app/extend/response.js",
    "start": 1590201241815,
    "end": 1590201241815,
    "duration": 0,
    "pid": 23792,
    "index": 33
  },
  {
    "name": "Load extend/context.js",
    "start": 1590201241816,
    "end": 1590201241846,
    "duration": 30,
    "pid": 23792,
    "index": 34
  },
  {
    "name": "Require(28) node_modules/egg-security/app/extend/context.js",
    "start": 1590201241816,
    "end": 1590201241819,
    "duration": 3,
    "pid": 23792,
    "index": 35
  },
  {
    "name": "Require(29) node_modules/egg-jsonp/app/extend/context.js",
    "start": 1590201241819,
    "end": 1590201241819,
    "duration": 0,
    "pid": 23792,
    "index": 36
  },
  {
    "name": "Require(30) node_modules/egg-i18n/app/extend/context.js",
    "start": 1590201241819,
    "end": 1590201241819,
    "duration": 0,
    "pid": 23792,
    "index": 37
  },
  {
    "name": "Require(31) node_modules/egg-multipart/app/extend/context.js",
    "start": 1590201241819,
    "end": 1590201241844,
    "duration": 25,
    "pid": 23792,
    "index": 38
  },
  {
    "name": "Require(32) node_modules/egg-view/app/extend/context.js",
    "start": 1590201241845,
    "end": 1590201241845,
    "duration": 0,
    "pid": 23792,
    "index": 39
  },
  {
    "name": "Require(33) node_modules/egg-mongoose/app/extend/context.js",
    "start": 1590201241845,
    "end": 1590201241845,
    "duration": 0,
    "pid": 23792,
    "index": 40
  },
  {
    "name": "Require(34) node_modules/egg/app/extend/context.js",
    "start": 1590201241845,
    "end": 1590201241846,
    "duration": 1,
    "pid": 23792,
    "index": 41
  },
  {
    "name": "Load extend/helper.js",
    "start": 1590201241846,
    "end": 1590201241854,
    "duration": 8,
    "pid": 23792,
    "index": 42
  },
  {
    "name": "Require(35) node_modules/egg-security/app/extend/helper.js",
    "start": 1590201241847,
    "end": 1590201241853,
    "duration": 6,
    "pid": 23792,
    "index": 43
  },
  {
    "name": "Require(36) node_modules/egg/app/extend/helper.js",
    "start": 1590201241853,
    "end": 1590201241853,
    "duration": 0,
    "pid": 23792,
    "index": 44
  },
  {
    "name": "Load app.js",
    "start": 1590201241854,
    "end": 1590201241866,
    "duration": 12,
    "pid": 23792,
    "index": 45
  },
  {
    "name": "Require(37) node_modules/egg-session/app.js",
    "start": 1590201241854,
    "end": 1590201241854,
    "duration": 0,
    "pid": 23792,
    "index": 46
  },
  {
    "name": "Require(38) node_modules/egg-security/app.js",
    "start": 1590201241854,
    "end": 1590201241855,
    "duration": 1,
    "pid": 23792,
    "index": 47
  },
  {
    "name": "Require(39) node_modules/egg-onerror/app.js",
    "start": 1590201241855,
    "end": 1590201241858,
    "duration": 3,
    "pid": 23792,
    "index": 48
  },
  {
    "name": "Require(40) node_modules/egg-i18n/app.js",
    "start": 1590201241858,
    "end": 1590201241863,
    "duration": 5,
    "pid": 23792,
    "index": 49
  },
  {
    "name": "Require(41) node_modules/egg-watcher/app.js",
    "start": 1590201241863,
    "end": 1590201241864,
    "duration": 1,
    "pid": 23792,
    "index": 50
  },
  {
    "name": "Require(42) node_modules/egg-schedule/app.js",
    "start": 1590201241864,
    "end": 1590201241865,
    "duration": 1,
    "pid": 23792,
    "index": 51
  },
  {
    "name": "Require(43) node_modules/egg-multipart/app.js",
    "start": 1590201241865,
    "end": 1590201241865,
    "duration": 0,
    "pid": 23792,
    "index": 52
  },
  {
    "name": "Require(44) node_modules/egg-development/app.js",
    "start": 1590201241865,
    "end": 1590201241865,
    "duration": 0,
    "pid": 23792,
    "index": 53
  },
  {
    "name": "Require(45) node_modules/egg-logrotator/app.js",
    "start": 1590201241865,
    "end": 1590201241865,
    "duration": 0,
    "pid": 23792,
    "index": 54
  },
  {
    "name": "Require(46) node_modules/egg-static/app.js",
    "start": 1590201241865,
    "end": 1590201241866,
    "duration": 1,
    "pid": 23792,
    "index": 55
  },
  {
    "name": "Require(47) node_modules/egg-mongoose/app.js",
    "start": 1590201241866,
    "end": 1590201241866,
    "duration": 0,
    "pid": 23792,
    "index": 56
  },
  {
    "name": "Require(48) node_modules/egg-cors/app.js",
    "start": 1590201241866,
    "end": 1590201241866,
    "duration": 0,
    "pid": 23792,
    "index": 57
  },
  {
    "name": "Before Start in node_modules/egg-watcher/lib/init.js:15:14",
    "start": 1590201241872,
    "end": 1590201242137,
    "duration": 265,
    "pid": 23792,
    "index": 58
  },
  {
    "name": "Before Start in node_modules/egg-mongoose/lib/mongoose.js:91:7",
    "start": 1590201242060,
    "end": 1590201243048,
    "duration": 988,
    "pid": 23792,
    "index": 59
  },
  {
    "name": "Before Start in node_modules/egg-mongoose/lib/mongoose.js:49:9",
    "start": 1590201242060,
    "end": 1590201242132,
    "duration": 72,
    "pid": 23792,
    "index": 60
  },
  {
    "name": "Load Service",
    "start": 1590201242060,
    "end": 1590201242063,
    "duration": 3,
    "pid": 23792,
    "index": 61
  },
  {
    "name": "Load \"service\" to Context",
    "start": 1590201242060,
    "end": 1590201242063,
    "duration": 3,
    "pid": 23792,
    "index": 62
  },
  {
    "name": "Load Middleware",
    "start": 1590201242063,
    "end": 1590201242105,
    "duration": 42,
    "pid": 23792,
    "index": 63
  },
  {
    "name": "Load \"middlewares\" to Application",
    "start": 1590201242063,
    "end": 1590201242101,
    "duration": 38,
    "pid": 23792,
    "index": 64
  },
  {
    "name": "Load Controller",
    "start": 1590201242105,
    "end": 1590201242110,
    "duration": 5,
    "pid": 23792,
    "index": 65
  },
  {
    "name": "Load \"controller\" to Application",
    "start": 1590201242105,
    "end": 1590201242110,
    "duration": 5,
    "pid": 23792,
    "index": 66
  },
  {
    "name": "Load Router",
    "start": 1590201242110,
    "end": 1590201242112,
    "duration": 2,
    "pid": 23792,
    "index": 67
  },
  {
    "name": "Require(49) app/router.js",
    "start": 1590201242110,
    "end": 1590201242110,
    "duration": 0,
    "pid": 23792,
    "index": 68
  },
  {
    "name": "Before Start in node_modules/egg-core/lib/egg.js:303:10",
    "start": 1590201242110,
    "end": 1590201242132,
    "duration": 22,
    "pid": 23792,
    "index": 69
  },
  {
    "name": "Load \"model\" to Application",
    "start": 1590201242117,
    "end": 1590201242131,
    "duration": 14,
    "pid": 23792,
    "index": 70
  }
]