[
  {
    "name": "Application Start",
    "start": 1590200570311,
    "end": 1590200571592,
    "duration": 1281,
    "pid": 6353,
    "index": 0
  },
  {
    "name": "Load Plugin",
    "start": 1590200570313,
    "end": 1590200570318,
    "duration": 5,
    "pid": 6353,
    "index": 1
  },
  {
    "name": "Load Config",
    "start": 1590200570318,
    "end": 1590200570327,
    "duration": 9,
    "pid": 6353,
    "index": 2
  },
  {
    "name": "Require(0) config/config.default.js",
    "start": 1590200570318,
    "end": 1590200570318,
    "duration": 0,
    "pid": 6353,
    "index": 3
  },
  {
    "name": "Require(1) node_modules/egg-session/config/config.default.js",
    "start": 1590200570319,
    "end": 1590200570319,
    "duration": 0,
    "pid": 6353,
    "index": 4
  },
  {
    "name": "Require(2) node_modules/egg-security/config/config.default.js",
    "start": 1590200570320,
    "end": 1590200570320,
    "duration": 0,
    "pid": 6353,
    "index": 5
  },
  {
    "name": "Require(3) node_modules/egg-jsonp/config/config.default.js",
    "start": 1590200570320,
    "end": 1590200570321,
    "duration": 1,
    "pid": 6353,
    "index": 6
  },
  {
    "name": "Require(4) node_modules/egg-onerror/config/config.default.js",
    "start": 1590200570321,
    "end": 1590200570321,
    "duration": 0,
    "pid": 6353,
    "index": 7
  },
  {
    "name": "Require(5) node_modules/egg-i18n/config/config.default.js",
    "start": 1590200570321,
    "end": 1590200570321,
    "duration": 0,
    "pid": 6353,
    "index": 8
  },
  {
    "name": "Require(6) node_modules/egg-watcher/config/config.default.js",
    "start": 1590200570322,
    "end": 1590200570322,
    "duration": 0,
    "pid": 6353,
    "index": 9
  },
  {
    "name": "Require(7) node_modules/egg-schedule/config/config.default.js",
    "start": 1590200570322,
    "end": 1590200570322,
    "duration": 0,
    "pid": 6353,
    "index": 10
  },
  {
    "name": "Require(8) node_modules/egg-multipart/config/config.default.js",
    "start": 1590200570322,
    "end": 1590200570322,
    "duration": 0,
    "pid": 6353,
    "index": 11
  },
  {
    "name": "Require(9) node_modules/egg-development/config/config.default.js",
    "start": 1590200570323,
    "end": 1590200570323,
    "duration": 0,
    "pid": 6353,
    "index": 12
  },
  {
    "name": "Require(10) node_modules/egg-logrotator/config/config.default.js",
    "start": 1590200570323,
    "end": 1590200570323,
    "duration": 0,
    "pid": 6353,
    "index": 13
  },
  {
    "name": "Require(11) node_modules/egg-static/config/config.default.js",
    "start": 1590200570323,
    "end": 1590200570324,
    "duration": 1,
    "pid": 6353,
    "index": 14
  },
  {
    "name": "Require(12) node_modules/egg-view/config/config.default.js",
    "start": 1590200570324,
    "end": 1590200570324,
    "duration": 0,
    "pid": 6353,
    "index": 15
  },
  {
    "name": "Require(13) node_modules/egg-mongoose/config/config.default.js",
    "start": 1590200570324,
    "end": 1590200570324,
    "duration": 0,
    "pid": 6353,
    "index": 16
  },
  {
    "name": "Require(14) node_modules/egg-cors/config/config.default.js",
    "start": 1590200570324,
    "end": 1590200570325,
    "duration": 1,
    "pid": 6353,
    "index": 17
  },
  {
    "name": "Require(15) node_modules/egg/config/config.default.js",
    "start": 1590200570325,
    "end": 1590200570325,
    "duration": 0,
    "pid": 6353,
    "index": 18
  },
  {
    "name": "Require(16) config/config.default.js",
    "start": 1590200570326,
    "end": 1590200570326,
    "duration": 0,
    "pid": 6353,
    "index": 19
  },
  {
    "name": "Require(17) node_modules/egg-security/config/config.local.js",
    "start": 1590200570326,
    "end": 1590200570326,
    "duration": 0,
    "pid": 6353,
    "index": 20
  },
  {
    "name": "Require(18) node_modules/egg-watcher/config/config.local.js",
    "start": 1590200570326,
    "end": 1590200570327,
    "duration": 1,
    "pid": 6353,
    "index": 21
  },
  {
    "name": "Require(19) node_modules/egg-view/config/config.local.js",
    "start": 1590200570327,
    "end": 1590200570327,
    "duration": 0,
    "pid": 6353,
    "index": 22
  },
  {
    "name": "Require(20) node_modules/egg/config/config.local.js",
    "start": 1590200570327,
    "end": 1590200570327,
    "duration": 0,
    "pid": 6353,
    "index": 23
  },
  {
    "name": "Load extend/application.js",
    "start": 1590200570328,
    "end": 1590200570331,
    "duration": 3,
    "pid": 6353,
    "index": 24
  },
  {
    "name": "Require(21) node_modules/egg-session/app/extend/application.js",
    "start": 1590200570328,
    "end": 1590200570328,
    "duration": 0,
    "pid": 6353,
    "index": 25
  },
  {
    "name": "Require(22) node_modules/egg-security/app/extend/application.js",
    "start": 1590200570329,
    "end": 1590200570329,
    "duration": 0,
    "pid": 6353,
    "index": 26
  },
  {
    "name": "Require(23) node_modules/egg-jsonp/app/extend/application.js",
    "start": 1590200570329,
    "end": 1590200570329,
    "duration": 0,
    "pid": 6353,
    "index": 27
  },
  {
    "name": "Require(24) node_modules/egg-logrotator/app/extend/application.js",
    "start": 1590200570330,
    "end": 1590200570330,
    "duration": 0,
    "pid": 6353,
    "index": 28
  },
  {
    "name": "Require(25) node_modules/egg-view/app/extend/application.js",
    "start": 1590200570330,
    "end": 1590200570331,
    "duration": 1,
    "pid": 6353,
    "index": 29
  },
  {
    "name": "Load extend/request.js",
    "start": 1590200570331,
    "end": 1590200570333,
    "duration": 2,
    "pid": 6353,
    "index": 30
  },
  {
    "name": "Require(26) node_modules/egg/app/extend/request.js",
    "start": 1590200570332,
    "end": 1590200570332,
    "duration": 0,
    "pid": 6353,
    "index": 31
  },
  {
    "name": "Load extend/response.js",
    "start": 1590200570333,
    "end": 1590200570334,
    "duration": 1,
    "pid": 6353,
    "index": 32
  },
  {
    "name": "Require(27) node_modules/egg/app/extend/response.js",
    "start": 1590200570333,
    "end": 1590200570334,
    "duration": 1,
    "pid": 6353,
    "index": 33
  },
  {
    "name": "Load extend/context.js",
    "start": 1590200570334,
    "end": 1590200570366,
    "duration": 32,
    "pid": 6353,
    "index": 34
  },
  {
    "name": "Require(28) node_modules/egg-security/app/extend/context.js",
    "start": 1590200570334,
    "end": 1590200570337,
    "duration": 3,
    "pid": 6353,
    "index": 35
  },
  {
    "name": "Require(29) node_modules/egg-jsonp/app/extend/context.js",
    "start": 1590200570337,
    "end": 1590200570338,
    "duration": 1,
    "pid": 6353,
    "index": 36
  },
  {
    "name": "Require(30) node_modules/egg-i18n/app/extend/context.js",
    "start": 1590200570338,
    "end": 1590200570338,
    "duration": 0,
    "pid": 6353,
    "index": 37
  },
  {
    "name": "Require(31) node_modules/egg-multipart/app/extend/context.js",
    "start": 1590200570338,
    "end": 1590200570364,
    "duration": 26,
    "pid": 6353,
    "index": 38
  },
  {
    "name": "Require(32) node_modules/egg-view/app/extend/context.js",
    "start": 1590200570364,
    "end": 1590200570364,
    "duration": 0,
    "pid": 6353,
    "index": 39
  },
  {
    "name": "Require(33) node_modules/egg-mongoose/app/extend/context.js",
    "start": 1590200570365,
    "end": 1590200570365,
    "duration": 0,
    "pid": 6353,
    "index": 40
  },
  {
    "name": "Require(34) node_modules/egg/app/extend/context.js",
    "start": 1590200570365,
    "end": 1590200570365,
    "duration": 0,
    "pid": 6353,
    "index": 41
  },
  {
    "name": "Load extend/helper.js",
    "start": 1590200570366,
    "end": 1590200570374,
    "duration": 8,
    "pid": 6353,
    "index": 42
  },
  {
    "name": "Require(35) node_modules/egg-security/app/extend/helper.js",
    "start": 1590200570366,
    "end": 1590200570373,
    "duration": 7,
    "pid": 6353,
    "index": 43
  },
  {
    "name": "Require(36) node_modules/egg/app/extend/helper.js",
    "start": 1590200570374,
    "end": 1590200570374,
    "duration": 0,
    "pid": 6353,
    "index": 44
  },
  {
    "name": "Load app.js",
    "start": 1590200570374,
    "end": 1590200570389,
    "duration": 15,
    "pid": 6353,
    "index": 45
  },
  {
    "name": "Require(37) node_modules/egg-session/app.js",
    "start": 1590200570374,
    "end": 1590200570375,
    "duration": 1,
    "pid": 6353,
    "index": 46
  },
  {
    "name": "Require(38) node_modules/egg-security/app.js",
    "start": 1590200570375,
    "end": 1590200570375,
    "duration": 0,
    "pid": 6353,
    "index": 47
  },
  {
    "name": "Require(39) node_modules/egg-onerror/app.js",
    "start": 1590200570375,
    "end": 1590200570378,
    "duration": 3,
    "pid": 6353,
    "index": 48
  },
  {
    "name": "Require(40) node_modules/egg-i18n/app.js",
    "start": 1590200570378,
    "end": 1590200570386,
    "duration": 8,
    "pid": 6353,
    "index": 49
  },
  {
    "name": "Require(41) node_modules/egg-watcher/app.js",
    "start": 1590200570386,
    "end": 1590200570387,
    "duration": 1,
    "pid": 6353,
    "index": 50
  },
  {
    "name": "Require(42) node_modules/egg-schedule/app.js",
    "start": 1590200570387,
    "end": 1590200570388,
    "duration": 1,
    "pid": 6353,
    "index": 51
  },
  {
    "name": "Require(43) node_modules/egg-multipart/app.js",
    "start": 1590200570388,
    "end": 1590200570388,
    "duration": 0,
    "pid": 6353,
    "index": 52
  },
  {
    "name": "Require(44) node_modules/egg-development/app.js",
    "start": 1590200570388,
    "end": 1590200570388,
    "duration": 0,
    "pid": 6353,
    "index": 53
  },
  {
    "name": "Require(45) node_modules/egg-logrotator/app.js",
    "start": 1590200570388,
    "end": 1590200570389,
    "duration": 1,
    "pid": 6353,
    "index": 54
  },
  {
    "name": "Require(46) node_modules/egg-static/app.js",
    "start": 1590200570389,
    "end": 1590200570389,
    "duration": 0,
    "pid": 6353,
    "index": 55
  },
  {
    "name": "Require(47) node_modules/egg-mongoose/app.js",
    "start": 1590200570389,
    "end": 1590200570389,
    "duration": 0,
    "pid": 6353,
    "index": 56
  },
  {
    "name": "Require(48) node_modules/egg-cors/app.js",
    "start": 1590200570389,
    "end": 1590200570389,
    "duration": 0,
    "pid": 6353,
    "index": 57
  },
  {
    "name": "Before Start in node_modules/egg-watcher/lib/init.js:15:14",
    "start": 1590200570396,
    "end": 1590200570668,
    "duration": 272,
    "pid": 6353,
    "index": 58
  },
  {
    "name": "Before Start in node_modules/egg-mongoose/lib/mongoose.js:91:7",
    "start": 1590200570588,
    "end": 1590200571591,
    "duration": 1003,
    "pid": 6353,
    "index": 59
  },
  {
    "name": "Before Start in node_modules/egg-mongoose/lib/mongoose.js:49:9",
    "start": 1590200570589,
    "end": 1590200570662,
    "duration": 73,
    "pid": 6353,
    "index": 60
  },
  {
    "name": "Load Service",
    "start": 1590200570589,
    "end": 1590200570592,
    "duration": 3,
    "pid": 6353,
    "index": 61
  },
  {
    "name": "Load \"service\" to Context",
    "start": 1590200570589,
    "end": 1590200570592,
    "duration": 3,
    "pid": 6353,
    "index": 62
  },
  {
    "name": "Load Middleware",
    "start": 1590200570592,
    "end": 1590200570636,
    "duration": 44,
    "pid": 6353,
    "index": 63
  },
  {
    "name": "Load \"middlewares\" to Application",
    "start": 1590200570593,
    "end": 1590200570631,
    "duration": 38,
    "pid": 6353,
    "index": 64
  },
  {
    "name": "Load Controller",
    "start": 1590200570636,
    "end": 1590200570642,
    "duration": 6,
    "pid": 6353,
    "index": 65
  },
  {
    "name": "Load \"controller\" to Application",
    "start": 1590200570636,
    "end": 1590200570642,
    "duration": 6,
    "pid": 6353,
    "index": 66
  },
  {
    "name": "Load Router",
    "start": 1590200570642,
    "end": 1590200570644,
    "duration": 2,
    "pid": 6353,
    "index": 67
  },
  {
    "name": "Require(49) app/router.js",
    "start": 1590200570642,
    "end": 1590200570642,
    "duration": 0,
    "pid": 6353,
    "index": 68
  },
  {
    "name": "Before Start in node_modules/egg-core/lib/egg.js:303:10",
    "start": 1590200570643,
    "end": 1590200570662,
    "duration": 19,
    "pid": 6353,
    "index": 69
  },
  {
    "name": "Load \"model\" to Application",
    "start": 1590200570650,
    "end": 1590200570661,
    "duration": 11,
    "pid": 6353,
    "index": 70
  }
]