[
  {
    "name": "Application Start",
    "start": 1590201311194,
    "end": 1590201312450,
    "duration": 1256,
    "pid": 24410,
    "index": 0
  },
  {
    "name": "Load Plugin",
    "start": 1590201311196,
    "end": 1590201311200,
    "duration": 4,
    "pid": 24410,
    "index": 1
  },
  {
    "name": "Load Config",
    "start": 1590201311201,
    "end": 1590201311210,
    "duration": 9,
    "pid": 24410,
    "index": 2
  },
  {
    "name": "Require(0) config/config.default.js",
    "start": 1590201311201,
    "end": 1590201311201,
    "duration": 0,
    "pid": 24410,
    "index": 3
  },
  {
    "name": "Require(1) node_modules/egg-session/config/config.default.js",
    "start": 1590201311202,
    "end": 1590201311202,
    "duration": 0,
    "pid": 24410,
    "index": 4
  },
  {
    "name": "Require(2) node_modules/egg-security/config/config.default.js",
    "start": 1590201311202,
    "end": 1590201311203,
    "duration": 1,
    "pid": 24410,
    "index": 5
  },
  {
    "name": "Require(3) node_modules/egg-jsonp/config/config.default.js",
    "start": 1590201311203,
    "end": 1590201311203,
    "duration": 0,
    "pid": 24410,
    "index": 6
  },
  {
    "name": "Require(4) node_modules/egg-onerror/config/config.default.js",
    "start": 1590201311203,
    "end": 1590201311204,
    "duration": 1,
    "pid": 24410,
    "index": 7
  },
  {
    "name": "Require(5) node_modules/egg-i18n/config/config.default.js",
    "start": 1590201311204,
    "end": 1590201311204,
    "duration": 0,
    "pid": 24410,
    "index": 8
  },
  {
    "name": "Require(6) node_modules/egg-watcher/config/config.default.js",
    "start": 1590201311204,
    "end": 1590201311204,
    "duration": 0,
    "pid": 24410,
    "index": 9
  },
  {
    "name": "Require(7) node_modules/egg-schedule/config/config.default.js",
    "start": 1590201311204,
    "end": 1590201311205,
    "duration": 1,
    "pid": 24410,
    "index": 10
  },
  {
    "name": "Require(8) node_modules/egg-multipart/config/config.default.js",
    "start": 1590201311205,
    "end": 1590201311205,
    "duration": 0,
    "pid": 24410,
    "index": 11
  },
  {
    "name": "Require(9) node_modules/egg-development/config/config.default.js",
    "start": 1590201311205,
    "end": 1590201311205,
    "duration": 0,
    "pid": 24410,
    "index": 12
  },
  {
    "name": "Require(10) node_modules/egg-logrotator/config/config.default.js",
    "start": 1590201311205,
    "end": 1590201311206,
    "duration": 1,
    "pid": 24410,
    "index": 13
  },
  {
    "name": "Require(11) node_modules/egg-static/config/config.default.js",
    "start": 1590201311206,
    "end": 1590201311206,
    "duration": 0,
    "pid": 24410,
    "index": 14
  },
  {
    "name": "Require(12) node_modules/egg-view/config/config.default.js",
    "start": 1590201311206,
    "end": 1590201311206,
    "duration": 0,
    "pid": 24410,
    "index": 15
  },
  {
    "name": "Require(13) node_modules/egg-mongoose/config/config.default.js",
    "start": 1590201311207,
    "end": 1590201311207,
    "duration": 0,
    "pid": 24410,
    "index": 16
  },
  {
    "name": "Require(14) node_modules/egg-cors/config/config.default.js",
    "start": 1590201311207,
    "end": 1590201311207,
    "duration": 0,
    "pid": 24410,
    "index": 17
  },
  {
    "name": "Require(15) node_modules/egg/config/config.default.js",
    "start": 1590201311207,
    "end": 1590201311207,
    "duration": 0,
    "pid": 24410,
    "index": 18
  },
  {
    "name": "Require(16) config/config.default.js",
    "start": 1590201311208,
    "end": 1590201311208,
    "duration": 0,
    "pid": 24410,
    "index": 19
  },
  {
    "name": "Require(17) node_modules/egg-security/config/config.local.js",
    "start": 1590201311209,
    "end": 1590201311209,
    "duration": 0,
    "pid": 24410,
    "index": 20
  },
  {
    "name": "Require(18) node_modules/egg-watcher/config/config.local.js",
    "start": 1590201311209,
    "end": 1590201311209,
    "duration": 0,
    "pid": 24410,
    "index": 21
  },
  {
    "name": "Require(19) node_modules/egg-view/config/config.local.js",
    "start": 1590201311209,
    "end": 1590201311209,
    "duration": 0,
    "pid": 24410,
    "index": 22
  },
  {
    "name": "Require(20) node_modules/egg/config/config.local.js",
    "start": 1590201311209,
    "end": 1590201311210,
    "duration": 1,
    "pid": 24410,
    "index": 23
  },
  {
    "name": "Load extend/application.js",
    "start": 1590201311211,
    "end": 1590201311214,
    "duration": 3,
    "pid": 24410,
    "index": 24
  },
  {
    "name": "Require(21) node_modules/egg-session/app/extend/application.js",
    "start": 1590201311211,
    "end": 1590201311211,
    "duration": 0,
    "pid": 24410,
    "index": 25
  },
  {
    "name": "Require(22) node_modules/egg-security/app/extend/application.js",
    "start": 1590201311211,
    "end": 1590201311211,
    "duration": 0,
    "pid": 24410,
    "index": 26
  },
  {
    "name": "Require(23) node_modules/egg-jsonp/app/extend/application.js",
    "start": 1590201311211,
    "end": 1590201311212,
    "duration": 1,
    "pid": 24410,
    "index": 27
  },
  {
    "name": "Require(24) node_modules/egg-logrotator/app/extend/application.js",
    "start": 1590201311212,
    "end": 1590201311213,
    "duration": 1,
    "pid": 24410,
    "index": 28
  },
  {
    "name": "Require(25) node_modules/egg-view/app/extend/application.js",
    "start": 1590201311213,
    "end": 1590201311213,
    "duration": 0,
    "pid": 24410,
    "index": 29
  },
  {
    "name": "Load extend/request.js",
    "start": 1590201311214,
    "end": 1590201311215,
    "duration": 1,
    "pid": 24410,
    "index": 30
  },
  {
    "name": "Require(26) node_modules/egg/app/extend/request.js",
    "start": 1590201311214,
    "end": 1590201311215,
    "duration": 1,
    "pid": 24410,
    "index": 31
  },
  {
    "name": "Load extend/response.js",
    "start": 1590201311215,
    "end": 1590201311217,
    "duration": 2,
    "pid": 24410,
    "index": 32
  },
  {
    "name": "Require(27) node_modules/egg/app/extend/response.js",
    "start": 1590201311216,
    "end": 1590201311216,
    "duration": 0,
    "pid": 24410,
    "index": 33
  },
  {
    "name": "Load extend/context.js",
    "start": 1590201311217,
    "end": 1590201311247,
    "duration": 30,
    "pid": 24410,
    "index": 34
  },
  {
    "name": "Require(28) node_modules/egg-security/app/extend/context.js",
    "start": 1590201311217,
    "end": 1590201311219,
    "duration": 2,
    "pid": 24410,
    "index": 35
  },
  {
    "name": "Require(29) node_modules/egg-jsonp/app/extend/context.js",
    "start": 1590201311220,
    "end": 1590201311220,
    "duration": 0,
    "pid": 24410,
    "index": 36
  },
  {
    "name": "Require(30) node_modules/egg-i18n/app/extend/context.js",
    "start": 1590201311220,
    "end": 1590201311220,
    "duration": 0,
    "pid": 24410,
    "index": 37
  },
  {
    "name": "Require(31) node_modules/egg-multipart/app/extend/context.js",
    "start": 1590201311220,
    "end": 1590201311245,
    "duration": 25,
    "pid": 24410,
    "index": 38
  },
  {
    "name": "Require(32) node_modules/egg-view/app/extend/context.js",
    "start": 1590201311245,
    "end": 1590201311245,
    "duration": 0,
    "pid": 24410,
    "index": 39
  },
  {
    "name": "Require(33) node_modules/egg-mongoose/app/extend/context.js",
    "start": 1590201311246,
    "end": 1590201311246,
    "duration": 0,
    "pid": 24410,
    "index": 40
  },
  {
    "name": "Require(34) node_modules/egg/app/extend/context.js",
    "start": 1590201311246,
    "end": 1590201311247,
    "duration": 1,
    "pid": 24410,
    "index": 41
  },
  {
    "name": "Load extend/helper.js",
    "start": 1590201311247,
    "end": 1590201311254,
    "duration": 7,
    "pid": 24410,
    "index": 42
  },
  {
    "name": "Require(35) node_modules/egg-security/app/extend/helper.js",
    "start": 1590201311247,
    "end": 1590201311253,
    "duration": 6,
    "pid": 24410,
    "index": 43
  },
  {
    "name": "Require(36) node_modules/egg/app/extend/helper.js",
    "start": 1590201311254,
    "end": 1590201311254,
    "duration": 0,
    "pid": 24410,
    "index": 44
  },
  {
    "name": "Load app.js",
    "start": 1590201311254,
    "end": 1590201311268,
    "duration": 14,
    "pid": 24410,
    "index": 45
  },
  {
    "name": "Require(37) node_modules/egg-session/app.js",
    "start": 1590201311254,
    "end": 1590201311255,
    "duration": 1,
    "pid": 24410,
    "index": 46
  },
  {
    "name": "Require(38) node_modules/egg-security/app.js",
    "start": 1590201311255,
    "end": 1590201311255,
    "duration": 0,
    "pid": 24410,
    "index": 47
  },
  {
    "name": "Require(39) node_modules/egg-onerror/app.js",
    "start": 1590201311255,
    "end": 1590201311258,
    "duration": 3,
    "pid": 24410,
    "index": 48
  },
  {
    "name": "Require(40) node_modules/egg-i18n/app.js",
    "start": 1590201311258,
    "end": 1590201311265,
    "duration": 7,
    "pid": 24410,
    "index": 49
  },
  {
    "name": "Require(41) node_modules/egg-watcher/app.js",
    "start": 1590201311265,
    "end": 1590201311266,
    "duration": 1,
    "pid": 24410,
    "index": 50
  },
  {
    "name": "Require(42) node_modules/egg-schedule/app.js",
    "start": 1590201311266,
    "end": 1590201311266,
    "duration": 0,
    "pid": 24410,
    "index": 51
  },
  {
    "name": "Require(43) node_modules/egg-multipart/app.js",
    "start": 1590201311266,
    "end": 1590201311267,
    "duration": 1,
    "pid": 24410,
    "index": 52
  },
  {
    "name": "Require(44) node_modules/egg-development/app.js",
    "start": 1590201311267,
    "end": 1590201311267,
    "duration": 0,
    "pid": 24410,
    "index": 53
  },
  {
    "name": "Require(45) node_modules/egg-logrotator/app.js",
    "start": 1590201311267,
    "end": 1590201311267,
    "duration": 0,
    "pid": 24410,
    "index": 54
  },
  {
    "name": "Require(46) node_modules/egg-static/app.js",
    "start": 1590201311267,
    "end": 1590201311267,
    "duration": 0,
    "pid": 24410,
    "index": 55
  },
  {
    "name": "Require(47) node_modules/egg-mongoose/app.js",
    "start": 1590201311267,
    "end": 1590201311267,
    "duration": 0,
    "pid": 24410,
    "index": 56
  },
  {
    "name": "Require(48) node_modules/egg-cors/app.js",
    "start": 1590201311268,
    "end": 1590201311268,
    "duration": 0,
    "pid": 24410,
    "index": 57
  },
  {
    "name": "Before Start in node_modules/egg-watcher/lib/init.js:15:14",
    "start": 1590201311273,
    "end": 1590201311529,
    "duration": 256,
    "pid": 24410,
    "index": 58
  },
  {
    "name": "Before Start in node_modules/egg-mongoose/lib/mongoose.js:91:7",
    "start": 1590201311447,
    "end": 1590201312450,
    "duration": 1003,
    "pid": 24410,
    "index": 59
  },
  {
    "name": "Before Start in node_modules/egg-mongoose/lib/mongoose.js:49:9",
    "start": 1590201311448,
    "end": 1590201311522,
    "duration": 74,
    "pid": 24410,
    "index": 60
  },
  {
    "name": "Load Service",
    "start": 1590201311448,
    "end": 1590201311451,
    "duration": 3,
    "pid": 24410,
    "index": 61
  },
  {
    "name": "Load \"service\" to Context",
    "start": 1590201311448,
    "end": 1590201311451,
    "duration": 3,
    "pid": 24410,
    "index": 62
  },
  {
    "name": "Load Middleware",
    "start": 1590201311451,
    "end": 1590201311499,
    "duration": 48,
    "pid": 24410,
    "index": 63
  },
  {
    "name": "Load \"middlewares\" to Application",
    "start": 1590201311451,
    "end": 1590201311494,
    "duration": 43,
    "pid": 24410,
    "index": 64
  },
  {
    "name": "Load Controller",
    "start": 1590201311499,
    "end": 1590201311504,
    "duration": 5,
    "pid": 24410,
    "index": 65
  },
  {
    "name": "Load \"controller\" to Application",
    "start": 1590201311499,
    "end": 1590201311504,
    "duration": 5,
    "pid": 24410,
    "index": 66
  },
  {
    "name": "Load Router",
    "start": 1590201311504,
    "end": 1590201311506,
    "duration": 2,
    "pid": 24410,
    "index": 67
  },
  {
    "name": "Require(49) app/router.js",
    "start": 1590201311504,
    "end": 1590201311504,
    "duration": 0,
    "pid": 24410,
    "index": 68
  },
  {
    "name": "Before Start in node_modules/egg-core/lib/egg.js:303:10",
    "start": 1590201311504,
    "end": 1590201311522,
    "duration": 18,
    "pid": 24410,
    "index": 69
  },
  {
    "name": "Load \"model\" to Application",
    "start": 1590201311511,
    "end": 1590201311522,
    "duration": 11,
    "pid": 24410,
    "index": 70
  }
]