[
  {
    "name": "Application Start",
    "start": 1590200161671,
    "end": 1590200162898,
    "duration": 1227,
    "pid": 31500,
    "index": 0
  },
  {
    "name": "Load Plugin",
    "start": 1590200161672,
    "end": 1590200161676,
    "duration": 4,
    "pid": 31500,
    "index": 1
  },
  {
    "name": "Load Config",
    "start": 1590200161677,
    "end": 1590200161685,
    "duration": 8,
    "pid": 31500,
    "index": 2
  },
  {
    "name": "Require(0) config/config.default.js",
    "start": 1590200161677,
    "end": 1590200161677,
    "duration": 0,
    "pid": 31500,
    "index": 3
  },
  {
    "name": "Require(1) node_modules/egg-session/config/config.default.js",
    "start": 1590200161678,
    "end": 1590200161678,
    "duration": 0,
    "pid": 31500,
    "index": 4
  },
  {
    "name": "Require(2) node_modules/egg-security/config/config.default.js",
    "start": 1590200161678,
    "end": 1590200161678,
    "duration": 0,
    "pid": 31500,
    "index": 5
  },
  {
    "name": "Require(3) node_modules/egg-jsonp/config/config.default.js",
    "start": 1590200161679,
    "end": 1590200161679,
    "duration": 0,
    "pid": 31500,
    "index": 6
  },
  {
    "name": "Require(4) node_modules/egg-onerror/config/config.default.js",
    "start": 1590200161679,
    "end": 1590200161679,
    "duration": 0,
    "pid": 31500,
    "index": 7
  },
  {
    "name": "Require(5) node_modules/egg-i18n/config/config.default.js",
    "start": 1590200161679,
    "end": 1590200161680,
    "duration": 1,
    "pid": 31500,
    "index": 8
  },
  {
    "name": "Require(6) node_modules/egg-watcher/config/config.default.js",
    "start": 1590200161680,
    "end": 1590200161680,
    "duration": 0,
    "pid": 31500,
    "index": 9
  },
  {
    "name": "Require(7) node_modules/egg-schedule/config/config.default.js",
    "start": 1590200161680,
    "end": 1590200161680,
    "duration": 0,
    "pid": 31500,
    "index": 10
  },
  {
    "name": "Require(8) node_modules/egg-multipart/config/config.default.js",
    "start": 1590200161680,
    "end": 1590200161680,
    "duration": 0,
    "pid": 31500,
    "index": 11
  },
  {
    "name": "Require(9) node_modules/egg-development/config/config.default.js",
    "start": 1590200161681,
    "end": 1590200161681,
    "duration": 0,
    "pid": 31500,
    "index": 12
  },
  {
    "name": "Require(10) node_modules/egg-logrotator/config/config.default.js",
    "start": 1590200161681,
    "end": 1590200161681,
    "duration": 0,
    "pid": 31500,
    "index": 13
  },
  {
    "name": "Require(11) node_modules/egg-static/config/config.default.js",
    "start": 1590200161681,
    "end": 1590200161681,
    "duration": 0,
    "pid": 31500,
    "index": 14
  },
  {
    "name": "Require(12) node_modules/egg-view/config/config.default.js",
    "start": 1590200161682,
    "end": 1590200161682,
    "duration": 0,
    "pid": 31500,
    "index": 15
  },
  {
    "name": "Require(13) node_modules/egg-mongoose/config/config.default.js",
    "start": 1590200161682,
    "end": 1590200161682,
    "duration": 0,
    "pid": 31500,
    "index": 16
  },
  {
    "name": "Require(14) node_modules/egg-cors/config/config.default.js",
    "start": 1590200161682,
    "end": 1590200161682,
    "duration": 0,
    "pid": 31500,
    "index": 17
  },
  {
    "name": "Require(15) node_modules/egg/config/config.default.js",
    "start": 1590200161682,
    "end": 1590200161683,
    "duration": 1,
    "pid": 31500,
    "index": 18
  },
  {
    "name": "Require(16) config/config.default.js",
    "start": 1590200161683,
    "end": 1590200161683,
    "duration": 0,
    "pid": 31500,
    "index": 19
  },
  {
    "name": "Require(17) node_modules/egg-security/config/config.local.js",
    "start": 1590200161684,
    "end": 1590200161684,
    "duration": 0,
    "pid": 31500,
    "index": 20
  },
  {
    "name": "Require(18) node_modules/egg-watcher/config/config.local.js",
    "start": 1590200161684,
    "end": 1590200161684,
    "duration": 0,
    "pid": 31500,
    "index": 21
  },
  {
    "name": "Require(19) node_modules/egg-view/config/config.local.js",
    "start": 1590200161684,
    "end": 1590200161684,
    "duration": 0,
    "pid": 31500,
    "index": 22
  },
  {
    "name": "Require(20) node_modules/egg/config/config.local.js",
    "start": 1590200161685,
    "end": 1590200161685,
    "duration": 0,
    "pid": 31500,
    "index": 23
  },
  {
    "name": "Load extend/application.js",
    "start": 1590200161686,
    "end": 1590200161688,
    "duration": 2,
    "pid": 31500,
    "index": 24
  },
  {
    "name": "Require(21) node_modules/egg-session/app/extend/application.js",
    "start": 1590200161686,
    "end": 1590200161686,
    "duration": 0,
    "pid": 31500,
    "index": 25
  },
  {
    "name": "Require(22) node_modules/egg-security/app/extend/application.js",
    "start": 1590200161686,
    "end": 1590200161686,
    "duration": 0,
    "pid": 31500,
    "index": 26
  },
  {
    "name": "Require(23) node_modules/egg-jsonp/app/extend/application.js",
    "start": 1590200161686,
    "end": 1590200161687,
    "duration": 1,
    "pid": 31500,
    "index": 27
  },
  {
    "name": "Require(24) node_modules/egg-logrotator/app/extend/application.js",
    "start": 1590200161687,
    "end": 1590200161687,
    "duration": 0,
    "pid": 31500,
    "index": 28
  },
  {
    "name": "Require(25) node_modules/egg-view/app/extend/application.js",
    "start": 1590200161687,
    "end": 1590200161688,
    "duration": 1,
    "pid": 31500,
    "index": 29
  },
  {
    "name": "Load extend/request.js",
    "start": 1590200161688,
    "end": 1590200161690,
    "duration": 2,
    "pid": 31500,
    "index": 30
  },
  {
    "name": "Require(26) node_modules/egg/app/extend/request.js",
    "start": 1590200161689,
    "end": 1590200161689,
    "duration": 0,
    "pid": 31500,
    "index": 31
  },
  {
    "name": "Load extend/response.js",
    "start": 1590200161690,
    "end": 1590200161691,
    "duration": 1,
    "pid": 31500,
    "index": 32
  },
  {
    "name": "Require(27) node_modules/egg/app/extend/response.js",
    "start": 1590200161690,
    "end": 1590200161690,
    "duration": 0,
    "pid": 31500,
    "index": 33
  },
  {
    "name": "Load extend/context.js",
    "start": 1590200161691,
    "end": 1590200161717,
    "duration": 26,
    "pid": 31500,
    "index": 34
  },
  {
    "name": "Require(28) node_modules/egg-security/app/extend/context.js",
    "start": 1590200161691,
    "end": 1590200161693,
    "duration": 2,
    "pid": 31500,
    "index": 35
  },
  {
    "name": "Require(29) node_modules/egg-jsonp/app/extend/context.js",
    "start": 1590200161693,
    "end": 1590200161694,
    "duration": 1,
    "pid": 31500,
    "index": 36
  },
  {
    "name": "Require(30) node_modules/egg-i18n/app/extend/context.js",
    "start": 1590200161694,
    "end": 1590200161694,
    "duration": 0,
    "pid": 31500,
    "index": 37
  },
  {
    "name": "Require(31) node_modules/egg-multipart/app/extend/context.js",
    "start": 1590200161694,
    "end": 1590200161716,
    "duration": 22,
    "pid": 31500,
    "index": 38
  },
  {
    "name": "Require(32) node_modules/egg-view/app/extend/context.js",
    "start": 1590200161716,
    "end": 1590200161716,
    "duration": 0,
    "pid": 31500,
    "index": 39
  },
  {
    "name": "Require(33) node_modules/egg-mongoose/app/extend/context.js",
    "start": 1590200161716,
    "end": 1590200161716,
    "duration": 0,
    "pid": 31500,
    "index": 40
  },
  {
    "name": "Require(34) node_modules/egg/app/extend/context.js",
    "start": 1590200161716,
    "end": 1590200161717,
    "duration": 1,
    "pid": 31500,
    "index": 41
  },
  {
    "name": "Load extend/helper.js",
    "start": 1590200161717,
    "end": 1590200161724,
    "duration": 7,
    "pid": 31500,
    "index": 42
  },
  {
    "name": "Require(35) node_modules/egg-security/app/extend/helper.js",
    "start": 1590200161717,
    "end": 1590200161723,
    "duration": 6,
    "pid": 31500,
    "index": 43
  },
  {
    "name": "Require(36) node_modules/egg/app/extend/helper.js",
    "start": 1590200161723,
    "end": 1590200161723,
    "duration": 0,
    "pid": 31500,
    "index": 44
  },
  {
    "name": "Load app.js",
    "start": 1590200161724,
    "end": 1590200161740,
    "duration": 16,
    "pid": 31500,
    "index": 45
  },
  {
    "name": "Require(37) node_modules/egg-session/app.js",
    "start": 1590200161724,
    "end": 1590200161724,
    "duration": 0,
    "pid": 31500,
    "index": 46
  },
  {
    "name": "Require(38) node_modules/egg-security/app.js",
    "start": 1590200161724,
    "end": 1590200161725,
    "duration": 1,
    "pid": 31500,
    "index": 47
  },
  {
    "name": "Require(39) node_modules/egg-onerror/app.js",
    "start": 1590200161725,
    "end": 1590200161728,
    "duration": 3,
    "pid": 31500,
    "index": 48
  },
  {
    "name": "Require(40) node_modules/egg-i18n/app.js",
    "start": 1590200161728,
    "end": 1590200161737,
    "duration": 9,
    "pid": 31500,
    "index": 49
  },
  {
    "name": "Require(41) node_modules/egg-watcher/app.js",
    "start": 1590200161737,
    "end": 1590200161738,
    "duration": 1,
    "pid": 31500,
    "index": 50
  },
  {
    "name": "Require(42) node_modules/egg-schedule/app.js",
    "start": 1590200161738,
    "end": 1590200161738,
    "duration": 0,
    "pid": 31500,
    "index": 51
  },
  {
    "name": "Require(43) node_modules/egg-multipart/app.js",
    "start": 1590200161738,
    "end": 1590200161739,
    "duration": 1,
    "pid": 31500,
    "index": 52
  },
  {
    "name": "Require(44) node_modules/egg-development/app.js",
    "start": 1590200161739,
    "end": 1590200161739,
    "duration": 0,
    "pid": 31500,
    "index": 53
  },
  {
    "name": "Require(45) node_modules/egg-logrotator/app.js",
    "start": 1590200161739,
    "end": 1590200161739,
    "duration": 0,
    "pid": 31500,
    "index": 54
  },
  {
    "name": "Require(46) node_modules/egg-static/app.js",
    "start": 1590200161739,
    "end": 1590200161739,
    "duration": 0,
    "pid": 31500,
    "index": 55
  },
  {
    "name": "Require(47) node_modules/egg-mongoose/app.js",
    "start": 1590200161739,
    "end": 1590200161739,
    "duration": 0,
    "pid": 31500,
    "index": 56
  },
  {
    "name": "Require(48) node_modules/egg-cors/app.js",
    "start": 1590200161739,
    "end": 1590200161740,
    "duration": 1,
    "pid": 31500,
    "index": 57
  },
  {
    "name": "Before Start in node_modules/egg-watcher/lib/init.js:15:14",
    "start": 1590200161746,
    "end": 1590200161977,
    "duration": 231,
    "pid": 31500,
    "index": 58
  },
  {
    "name": "Before Start in node_modules/egg-mongoose/lib/mongoose.js:91:7",
    "start": 1590200161909,
    "end": 1590200162898,
    "duration": 989,
    "pid": 31500,
    "index": 59
  },
  {
    "name": "Before Start in node_modules/egg-mongoose/lib/mongoose.js:49:9",
    "start": 1590200161910,
    "end": 1590200161971,
    "duration": 61,
    "pid": 31500,
    "index": 60
  },
  {
    "name": "Load Service",
    "start": 1590200161910,
    "end": 1590200161913,
    "duration": 3,
    "pid": 31500,
    "index": 61
  },
  {
    "name": "Load \"service\" to Context",
    "start": 1590200161910,
    "end": 1590200161913,
    "duration": 3,
    "pid": 31500,
    "index": 62
  },
  {
    "name": "Load Middleware",
    "start": 1590200161913,
    "end": 1590200161949,
    "duration": 36,
    "pid": 31500,
    "index": 63
  },
  {
    "name": "Load \"middlewares\" to Application",
    "start": 1590200161913,
    "end": 1590200161945,
    "duration": 32,
    "pid": 31500,
    "index": 64
  },
  {
    "name": "Load Controller",
    "start": 1590200161949,
    "end": 1590200161953,
    "duration": 4,
    "pid": 31500,
    "index": 65
  },
  {
    "name": "Load \"controller\" to Application",
    "start": 1590200161949,
    "end": 1590200161953,
    "duration": 4,
    "pid": 31500,
    "index": 66
  },
  {
    "name": "Load Router",
    "start": 1590200161953,
    "end": 1590200161955,
    "duration": 2,
    "pid": 31500,
    "index": 67
  },
  {
    "name": "Require(49) app/router.js",
    "start": 1590200161954,
    "end": 1590200161954,
    "duration": 0,
    "pid": 31500,
    "index": 68
  },
  {
    "name": "Before Start in node_modules/egg-core/lib/egg.js:303:10",
    "start": 1590200161954,
    "end": 1590200161971,
    "duration": 17,
    "pid": 31500,
    "index": 69
  },
  {
    "name": "Load \"model\" to Application",
    "start": 1590200161960,
    "end": 1590200161970,
    "duration": 10,
    "pid": 31500,
    "index": 70
  }
]