[
  {
    "name": "Application Start",
    "start": 1590200956928,
    "end": 1590200958172,
    "duration": 1244,
    "pid": 16959,
    "index": 0
  },
  {
    "name": "Load Plugin",
    "start": 1590200956930,
    "end": 1590200956934,
    "duration": 4,
    "pid": 16959,
    "index": 1
  },
  {
    "name": "Load Config",
    "start": 1590200956934,
    "end": 1590200956945,
    "duration": 11,
    "pid": 16959,
    "index": 2
  },
  {
    "name": "Require(0) config/config.default.js",
    "start": 1590200956935,
    "end": 1590200956935,
    "duration": 0,
    "pid": 16959,
    "index": 3
  },
  {
    "name": "Require(1) node_modules/egg-session/config/config.default.js",
    "start": 1590200956936,
    "end": 1590200956936,
    "duration": 0,
    "pid": 16959,
    "index": 4
  },
  {
    "name": "Require(2) node_modules/egg-security/config/config.default.js",
    "start": 1590200956936,
    "end": 1590200956936,
    "duration": 0,
    "pid": 16959,
    "index": 5
  },
  {
    "name": "Require(3) node_modules/egg-jsonp/config/config.default.js",
    "start": 1590200956937,
    "end": 1590200956937,
    "duration": 0,
    "pid": 16959,
    "index": 6
  },
  {
    "name": "Require(4) node_modules/egg-onerror/config/config.default.js",
    "start": 1590200956937,
    "end": 1590200956937,
    "duration": 0,
    "pid": 16959,
    "index": 7
  },
  {
    "name": "Require(5) node_modules/egg-i18n/config/config.default.js",
    "start": 1590200956937,
    "end": 1590200956938,
    "duration": 1,
    "pid": 16959,
    "index": 8
  },
  {
    "name": "Require(6) node_modules/egg-watcher/config/config.default.js",
    "start": 1590200956938,
    "end": 1590200956938,
    "duration": 0,
    "pid": 16959,
    "index": 9
  },
  {
    "name": "Require(7) node_modules/egg-schedule/config/config.default.js",
    "start": 1590200956938,
    "end": 1590200956938,
    "duration": 0,
    "pid": 16959,
    "index": 10
  },
  {
    "name": "Require(8) node_modules/egg-multipart/config/config.default.js",
    "start": 1590200956939,
    "end": 1590200956939,
    "duration": 0,
    "pid": 16959,
    "index": 11
  },
  {
    "name": "Require(9) node_modules/egg-development/config/config.default.js",
    "start": 1590200956940,
    "end": 1590200956940,
    "duration": 0,
    "pid": 16959,
    "index": 12
  },
  {
    "name": "Require(10) node_modules/egg-logrotator/config/config.default.js",
    "start": 1590200956940,
    "end": 1590200956940,
    "duration": 0,
    "pid": 16959,
    "index": 13
  },
  {
    "name": "Require(11) node_modules/egg-static/config/config.default.js",
    "start": 1590200956941,
    "end": 1590200956941,
    "duration": 0,
    "pid": 16959,
    "index": 14
  },
  {
    "name": "Require(12) node_modules/egg-view/config/config.default.js",
    "start": 1590200956941,
    "end": 1590200956941,
    "duration": 0,
    "pid": 16959,
    "index": 15
  },
  {
    "name": "Require(13) node_modules/egg-mongoose/config/config.default.js",
    "start": 1590200956942,
    "end": 1590200956942,
    "duration": 0,
    "pid": 16959,
    "index": 16
  },
  {
    "name": "Require(14) node_modules/egg-cors/config/config.default.js",
    "start": 1590200956942,
    "end": 1590200956942,
    "duration": 0,
    "pid": 16959,
    "index": 17
  },
  {
    "name": "Require(15) node_modules/egg/config/config.default.js",
    "start": 1590200956942,
    "end": 1590200956943,
    "duration": 1,
    "pid": 16959,
    "index": 18
  },
  {
    "name": "Require(16) config/config.default.js",
    "start": 1590200956944,
    "end": 1590200956944,
    "duration": 0,
    "pid": 16959,
    "index": 19
  },
  {
    "name": "Require(17) node_modules/egg-security/config/config.local.js",
    "start": 1590200956944,
    "end": 1590200956944,
    "duration": 0,
    "pid": 16959,
    "index": 20
  },
  {
    "name": "Require(18) node_modules/egg-watcher/config/config.local.js",
    "start": 1590200956945,
    "end": 1590200956945,
    "duration": 0,
    "pid": 16959,
    "index": 21
  },
  {
    "name": "Require(19) node_modules/egg-view/config/config.local.js",
    "start": 1590200956945,
    "end": 1590200956945,
    "duration": 0,
    "pid": 16959,
    "index": 22
  },
  {
    "name": "Require(20) node_modules/egg/config/config.local.js",
    "start": 1590200956945,
    "end": 1590200956945,
    "duration": 0,
    "pid": 16959,
    "index": 23
  },
  {
    "name": "Load extend/application.js",
    "start": 1590200956946,
    "end": 1590200956949,
    "duration": 3,
    "pid": 16959,
    "index": 24
  },
  {
    "name": "Require(21) node_modules/egg-session/app/extend/application.js",
    "start": 1590200956947,
    "end": 1590200956947,
    "duration": 0,
    "pid": 16959,
    "index": 25
  },
  {
    "name": "Require(22) node_modules/egg-security/app/extend/application.js",
    "start": 1590200956947,
    "end": 1590200956947,
    "duration": 0,
    "pid": 16959,
    "index": 26
  },
  {
    "name": "Require(23) node_modules/egg-jsonp/app/extend/application.js",
    "start": 1590200956947,
    "end": 1590200956948,
    "duration": 1,
    "pid": 16959,
    "index": 27
  },
  {
    "name": "Require(24) node_modules/egg-logrotator/app/extend/application.js",
    "start": 1590200956948,
    "end": 1590200956948,
    "duration": 0,
    "pid": 16959,
    "index": 28
  },
  {
    "name": "Require(25) node_modules/egg-view/app/extend/application.js",
    "start": 1590200956948,
    "end": 1590200956949,
    "duration": 1,
    "pid": 16959,
    "index": 29
  },
  {
    "name": "Load extend/request.js",
    "start": 1590200956949,
    "end": 1590200956951,
    "duration": 2,
    "pid": 16959,
    "index": 30
  },
  {
    "name": "Require(26) node_modules/egg/app/extend/request.js",
    "start": 1590200956950,
    "end": 1590200956950,
    "duration": 0,
    "pid": 16959,
    "index": 31
  },
  {
    "name": "Load extend/response.js",
    "start": 1590200956951,
    "end": 1590200956953,
    "duration": 2,
    "pid": 16959,
    "index": 32
  },
  {
    "name": "Require(27) node_modules/egg/app/extend/response.js",
    "start": 1590200956951,
    "end": 1590200956952,
    "duration": 1,
    "pid": 16959,
    "index": 33
  },
  {
    "name": "Load extend/context.js",
    "start": 1590200956953,
    "end": 1590200956993,
    "duration": 40,
    "pid": 16959,
    "index": 34
  },
  {
    "name": "Require(28) node_modules/egg-security/app/extend/context.js",
    "start": 1590200956953,
    "end": 1590200956956,
    "duration": 3,
    "pid": 16959,
    "index": 35
  },
  {
    "name": "Require(29) node_modules/egg-jsonp/app/extend/context.js",
    "start": 1590200956956,
    "end": 1590200956957,
    "duration": 1,
    "pid": 16959,
    "index": 36
  },
  {
    "name": "Require(30) node_modules/egg-i18n/app/extend/context.js",
    "start": 1590200956957,
    "end": 1590200956957,
    "duration": 0,
    "pid": 16959,
    "index": 37
  },
  {
    "name": "Require(31) node_modules/egg-multipart/app/extend/context.js",
    "start": 1590200956958,
    "end": 1590200956991,
    "duration": 33,
    "pid": 16959,
    "index": 38
  },
  {
    "name": "Require(32) node_modules/egg-view/app/extend/context.js",
    "start": 1590200956991,
    "end": 1590200956991,
    "duration": 0,
    "pid": 16959,
    "index": 39
  },
  {
    "name": "Require(33) node_modules/egg-mongoose/app/extend/context.js",
    "start": 1590200956992,
    "end": 1590200956992,
    "duration": 0,
    "pid": 16959,
    "index": 40
  },
  {
    "name": "Require(34) node_modules/egg/app/extend/context.js",
    "start": 1590200956992,
    "end": 1590200956992,
    "duration": 0,
    "pid": 16959,
    "index": 41
  },
  {
    "name": "Load extend/helper.js",
    "start": 1590200956993,
    "end": 1590200957000,
    "duration": 7,
    "pid": 16959,
    "index": 42
  },
  {
    "name": "Require(35) node_modules/egg-security/app/extend/helper.js",
    "start": 1590200956993,
    "end": 1590200956998,
    "duration": 5,
    "pid": 16959,
    "index": 43
  },
  {
    "name": "Require(36) node_modules/egg/app/extend/helper.js",
    "start": 1590200956999,
    "end": 1590200956999,
    "duration": 0,
    "pid": 16959,
    "index": 44
  },
  {
    "name": "Load app.js",
    "start": 1590200957000,
    "end": 1590200957014,
    "duration": 14,
    "pid": 16959,
    "index": 45
  },
  {
    "name": "Require(37) node_modules/egg-session/app.js",
    "start": 1590200957000,
    "end": 1590200957000,
    "duration": 0,
    "pid": 16959,
    "index": 46
  },
  {
    "name": "Require(38) node_modules/egg-security/app.js",
    "start": 1590200957000,
    "end": 1590200957000,
    "duration": 0,
    "pid": 16959,
    "index": 47
  },
  {
    "name": "Require(39) node_modules/egg-onerror/app.js",
    "start": 1590200957001,
    "end": 1590200957003,
    "duration": 2,
    "pid": 16959,
    "index": 48
  },
  {
    "name": "Require(40) node_modules/egg-i18n/app.js",
    "start": 1590200957003,
    "end": 1590200957011,
    "duration": 8,
    "pid": 16959,
    "index": 49
  },
  {
    "name": "Require(41) node_modules/egg-watcher/app.js",
    "start": 1590200957011,
    "end": 1590200957012,
    "duration": 1,
    "pid": 16959,
    "index": 50
  },
  {
    "name": "Require(42) node_modules/egg-schedule/app.js",
    "start": 1590200957012,
    "end": 1590200957012,
    "duration": 0,
    "pid": 16959,
    "index": 51
  },
  {
    "name": "Require(43) node_modules/egg-multipart/app.js",
    "start": 1590200957012,
    "end": 1590200957012,
    "duration": 0,
    "pid": 16959,
    "index": 52
  },
  {
    "name": "Require(44) node_modules/egg-development/app.js",
    "start": 1590200957013,
    "end": 1590200957013,
    "duration": 0,
    "pid": 16959,
    "index": 53
  },
  {
    "name": "Require(45) node_modules/egg-logrotator/app.js",
    "start": 1590200957013,
    "end": 1590200957013,
    "duration": 0,
    "pid": 16959,
    "index": 54
  },
  {
    "name": "Require(46) node_modules/egg-static/app.js",
    "start": 1590200957013,
    "end": 1590200957013,
    "duration": 0,
    "pid": 16959,
    "index": 55
  },
  {
    "name": "Require(47) node_modules/egg-mongoose/app.js",
    "start": 1590200957013,
    "end": 1590200957013,
    "duration": 0,
    "pid": 16959,
    "index": 56
  },
  {
    "name": "Require(48) node_modules/egg-cors/app.js",
    "start": 1590200957013,
    "end": 1590200957013,
    "duration": 0,
    "pid": 16959,
    "index": 57
  },
  {
    "name": "Before Start in node_modules/egg-watcher/lib/init.js:15:14",
    "start": 1590200957021,
    "end": 1590200957273,
    "duration": 252,
    "pid": 16959,
    "index": 58
  },
  {
    "name": "Before Start in node_modules/egg-mongoose/lib/mongoose.js:91:7",
    "start": 1590200957194,
    "end": 1590200958172,
    "duration": 978,
    "pid": 16959,
    "index": 59
  },
  {
    "name": "Before Start in node_modules/egg-mongoose/lib/mongoose.js:49:9",
    "start": 1590200957195,
    "end": 1590200957266,
    "duration": 71,
    "pid": 16959,
    "index": 60
  },
  {
    "name": "Load Service",
    "start": 1590200957195,
    "end": 1590200957198,
    "duration": 3,
    "pid": 16959,
    "index": 61
  },
  {
    "name": "Load \"service\" to Context",
    "start": 1590200957195,
    "end": 1590200957198,
    "duration": 3,
    "pid": 16959,
    "index": 62
  },
  {
    "name": "Load Middleware",
    "start": 1590200957198,
    "end": 1590200957241,
    "duration": 43,
    "pid": 16959,
    "index": 63
  },
  {
    "name": "Load \"middlewares\" to Application",
    "start": 1590200957198,
    "end": 1590200957237,
    "duration": 39,
    "pid": 16959,
    "index": 64
  },
  {
    "name": "Load Controller",
    "start": 1590200957241,
    "end": 1590200957246,
    "duration": 5,
    "pid": 16959,
    "index": 65
  },
  {
    "name": "Load \"controller\" to Application",
    "start": 1590200957241,
    "end": 1590200957246,
    "duration": 5,
    "pid": 16959,
    "index": 66
  },
  {
    "name": "Load Router",
    "start": 1590200957246,
    "end": 1590200957248,
    "duration": 2,
    "pid": 16959,
    "index": 67
  },
  {
    "name": "Require(49) app/router.js",
    "start": 1590200957246,
    "end": 1590200957247,
    "duration": 1,
    "pid": 16959,
    "index": 68
  },
  {
    "name": "Before Start in node_modules/egg-core/lib/egg.js:303:10",
    "start": 1590200957247,
    "end": 1590200957266,
    "duration": 19,
    "pid": 16959,
    "index": 69
  },
  {
    "name": "Load \"model\" to Application",
    "start": 1590200957253,
    "end": 1590200957266,
    "duration": 13,
    "pid": 16959,
    "index": 70
  }
]