[
  {
    "name": "Application Start",
    "start": 1590200352918,
    "end": 1590200354720,
    "duration": 1802,
    "pid": 1449,
    "index": 0
  },
  {
    "name": "Load Plugin",
    "start": 1590200352920,
    "end": 1590200352925,
    "duration": 5,
    "pid": 1449,
    "index": 1
  },
  {
    "name": "Load Config",
    "start": 1590200352925,
    "end": 1590200352933,
    "duration": 8,
    "pid": 1449,
    "index": 2
  },
  {
    "name": "Require(0) config/config.default.js",
    "start": 1590200352925,
    "end": 1590200352925,
    "duration": 0,
    "pid": 1449,
    "index": 3
  },
  {
    "name": "Require(1) node_modules/egg-session/config/config.default.js",
    "start": 1590200352926,
    "end": 1590200352926,
    "duration": 0,
    "pid": 1449,
    "index": 4
  },
  {
    "name": "Require(2) node_modules/egg-security/config/config.default.js",
    "start": 1590200352926,
    "end": 1590200352926,
    "duration": 0,
    "pid": 1449,
    "index": 5
  },
  {
    "name": "Require(3) node_modules/egg-jsonp/config/config.default.js",
    "start": 1590200352927,
    "end": 1590200352927,
    "duration": 0,
    "pid": 1449,
    "index": 6
  },
  {
    "name": "Require(4) node_modules/egg-onerror/config/config.default.js",
    "start": 1590200352927,
    "end": 1590200352927,
    "duration": 0,
    "pid": 1449,
    "index": 7
  },
  {
    "name": "Require(5) node_modules/egg-i18n/config/config.default.js",
    "start": 1590200352928,
    "end": 1590200352928,
    "duration": 0,
    "pid": 1449,
    "index": 8
  },
  {
    "name": "Require(6) node_modules/egg-watcher/config/config.default.js",
    "start": 1590200352928,
    "end": 1590200352928,
    "duration": 0,
    "pid": 1449,
    "index": 9
  },
  {
    "name": "Require(7) node_modules/egg-schedule/config/config.default.js",
    "start": 1590200352928,
    "end": 1590200352928,
    "duration": 0,
    "pid": 1449,
    "index": 10
  },
  {
    "name": "Require(8) node_modules/egg-multipart/config/config.default.js",
    "start": 1590200352928,
    "end": 1590200352929,
    "duration": 1,
    "pid": 1449,
    "index": 11
  },
  {
    "name": "Require(9) node_modules/egg-development/config/config.default.js",
    "start": 1590200352929,
    "end": 1590200352929,
    "duration": 0,
    "pid": 1449,
    "index": 12
  },
  {
    "name": "Require(10) node_modules/egg-logrotator/config/config.default.js",
    "start": 1590200352929,
    "end": 1590200352929,
    "duration": 0,
    "pid": 1449,
    "index": 13
  },
  {
    "name": "Require(11) node_modules/egg-static/config/config.default.js",
    "start": 1590200352929,
    "end": 1590200352930,
    "duration": 1,
    "pid": 1449,
    "index": 14
  },
  {
    "name": "Require(12) node_modules/egg-view/config/config.default.js",
    "start": 1590200352930,
    "end": 1590200352930,
    "duration": 0,
    "pid": 1449,
    "index": 15
  },
  {
    "name": "Require(13) node_modules/egg-mongoose/config/config.default.js",
    "start": 1590200352930,
    "end": 1590200352930,
    "duration": 0,
    "pid": 1449,
    "index": 16
  },
  {
    "name": "Require(14) node_modules/egg-cors/config/config.default.js",
    "start": 1590200352930,
    "end": 1590200352931,
    "duration": 1,
    "pid": 1449,
    "index": 17
  },
  {
    "name": "Require(15) node_modules/egg/config/config.default.js",
    "start": 1590200352931,
    "end": 1590200352931,
    "duration": 0,
    "pid": 1449,
    "index": 18
  },
  {
    "name": "Require(16) config/config.default.js",
    "start": 1590200352932,
    "end": 1590200352932,
    "duration": 0,
    "pid": 1449,
    "index": 19
  },
  {
    "name": "Require(17) node_modules/egg-security/config/config.local.js",
    "start": 1590200352932,
    "end": 1590200352932,
    "duration": 0,
    "pid": 1449,
    "index": 20
  },
  {
    "name": "Require(18) node_modules/egg-watcher/config/config.local.js",
    "start": 1590200352932,
    "end": 1590200352932,
    "duration": 0,
    "pid": 1449,
    "index": 21
  },
  {
    "name": "Require(19) node_modules/egg-view/config/config.local.js",
    "start": 1590200352933,
    "end": 1590200352933,
    "duration": 0,
    "pid": 1449,
    "index": 22
  },
  {
    "name": "Require(20) node_modules/egg/config/config.local.js",
    "start": 1590200352933,
    "end": 1590200352933,
    "duration": 0,
    "pid": 1449,
    "index": 23
  },
  {
    "name": "Load extend/application.js",
    "start": 1590200352934,
    "end": 1590200352937,
    "duration": 3,
    "pid": 1449,
    "index": 24
  },
  {
    "name": "Require(21) node_modules/egg-session/app/extend/application.js",
    "start": 1590200352934,
    "end": 1590200352934,
    "duration": 0,
    "pid": 1449,
    "index": 25
  },
  {
    "name": "Require(22) node_modules/egg-security/app/extend/application.js",
    "start": 1590200352934,
    "end": 1590200352935,
    "duration": 1,
    "pid": 1449,
    "index": 26
  },
  {
    "name": "Require(23) node_modules/egg-jsonp/app/extend/application.js",
    "start": 1590200352935,
    "end": 1590200352935,
    "duration": 0,
    "pid": 1449,
    "index": 27
  },
  {
    "name": "Require(24) node_modules/egg-logrotator/app/extend/application.js",
    "start": 1590200352935,
    "end": 1590200352936,
    "duration": 1,
    "pid": 1449,
    "index": 28
  },
  {
    "name": "Require(25) node_modules/egg-view/app/extend/application.js",
    "start": 1590200352936,
    "end": 1590200352936,
    "duration": 0,
    "pid": 1449,
    "index": 29
  },
  {
    "name": "Load extend/request.js",
    "start": 1590200352937,
    "end": 1590200352938,
    "duration": 1,
    "pid": 1449,
    "index": 30
  },
  {
    "name": "Require(26) node_modules/egg/app/extend/request.js",
    "start": 1590200352937,
    "end": 1590200352937,
    "duration": 0,
    "pid": 1449,
    "index": 31
  },
  {
    "name": "Load extend/response.js",
    "start": 1590200352938,
    "end": 1590200352939,
    "duration": 1,
    "pid": 1449,
    "index": 32
  },
  {
    "name": "Require(27) node_modules/egg/app/extend/response.js",
    "start": 1590200352938,
    "end": 1590200352939,
    "duration": 1,
    "pid": 1449,
    "index": 33
  },
  {
    "name": "Load extend/context.js",
    "start": 1590200352939,
    "end": 1590200352973,
    "duration": 34,
    "pid": 1449,
    "index": 34
  },
  {
    "name": "Require(28) node_modules/egg-security/app/extend/context.js",
    "start": 1590200352939,
    "end": 1590200352942,
    "duration": 3,
    "pid": 1449,
    "index": 35
  },
  {
    "name": "Require(29) node_modules/egg-jsonp/app/extend/context.js",
    "start": 1590200352942,
    "end": 1590200352942,
    "duration": 0,
    "pid": 1449,
    "index": 36
  },
  {
    "name": "Require(30) node_modules/egg-i18n/app/extend/context.js",
    "start": 1590200352942,
    "end": 1590200352942,
    "duration": 0,
    "pid": 1449,
    "index": 37
  },
  {
    "name": "Require(31) node_modules/egg-multipart/app/extend/context.js",
    "start": 1590200352943,
    "end": 1590200352971,
    "duration": 28,
    "pid": 1449,
    "index": 38
  },
  {
    "name": "Require(32) node_modules/egg-view/app/extend/context.js",
    "start": 1590200352971,
    "end": 1590200352971,
    "duration": 0,
    "pid": 1449,
    "index": 39
  },
  {
    "name": "Require(33) node_modules/egg-mongoose/app/extend/context.js",
    "start": 1590200352971,
    "end": 1590200352972,
    "duration": 1,
    "pid": 1449,
    "index": 40
  },
  {
    "name": "Require(34) node_modules/egg/app/extend/context.js",
    "start": 1590200352972,
    "end": 1590200352972,
    "duration": 0,
    "pid": 1449,
    "index": 41
  },
  {
    "name": "Load extend/helper.js",
    "start": 1590200352973,
    "end": 1590200352979,
    "duration": 6,
    "pid": 1449,
    "index": 42
  },
  {
    "name": "Require(35) node_modules/egg-security/app/extend/helper.js",
    "start": 1590200352973,
    "end": 1590200352978,
    "duration": 5,
    "pid": 1449,
    "index": 43
  },
  {
    "name": "Require(36) node_modules/egg/app/extend/helper.js",
    "start": 1590200352979,
    "end": 1590200352979,
    "duration": 0,
    "pid": 1449,
    "index": 44
  },
  {
    "name": "Load app.js",
    "start": 1590200352980,
    "end": 1590200352994,
    "duration": 14,
    "pid": 1449,
    "index": 45
  },
  {
    "name": "Require(37) node_modules/egg-session/app.js",
    "start": 1590200352980,
    "end": 1590200352980,
    "duration": 0,
    "pid": 1449,
    "index": 46
  },
  {
    "name": "Require(38) node_modules/egg-security/app.js",
    "start": 1590200352980,
    "end": 1590200352980,
    "duration": 0,
    "pid": 1449,
    "index": 47
  },
  {
    "name": "Require(39) node_modules/egg-onerror/app.js",
    "start": 1590200352980,
    "end": 1590200352983,
    "duration": 3,
    "pid": 1449,
    "index": 48
  },
  {
    "name": "Require(40) node_modules/egg-i18n/app.js",
    "start": 1590200352983,
    "end": 1590200352991,
    "duration": 8,
    "pid": 1449,
    "index": 49
  },
  {
    "name": "Require(41) node_modules/egg-watcher/app.js",
    "start": 1590200352991,
    "end": 1590200352992,
    "duration": 1,
    "pid": 1449,
    "index": 50
  },
  {
    "name": "Require(42) node_modules/egg-schedule/app.js",
    "start": 1590200352992,
    "end": 1590200352993,
    "duration": 1,
    "pid": 1449,
    "index": 51
  },
  {
    "name": "Require(43) node_modules/egg-multipart/app.js",
    "start": 1590200352993,
    "end": 1590200352993,
    "duration": 0,
    "pid": 1449,
    "index": 52
  },
  {
    "name": "Require(44) node_modules/egg-development/app.js",
    "start": 1590200352993,
    "end": 1590200352993,
    "duration": 0,
    "pid": 1449,
    "index": 53
  },
  {
    "name": "Require(45) node_modules/egg-logrotator/app.js",
    "start": 1590200352993,
    "end": 1590200352993,
    "duration": 0,
    "pid": 1449,
    "index": 54
  },
  {
    "name": "Require(46) node_modules/egg-static/app.js",
    "start": 1590200352993,
    "end": 1590200352994,
    "duration": 1,
    "pid": 1449,
    "index": 55
  },
  {
    "name": "Require(47) node_modules/egg-mongoose/app.js",
    "start": 1590200352994,
    "end": 1590200352994,
    "duration": 0,
    "pid": 1449,
    "index": 56
  },
  {
    "name": "Require(48) node_modules/egg-cors/app.js",
    "start": 1590200352994,
    "end": 1590200352994,
    "duration": 0,
    "pid": 1449,
    "index": 57
  },
  {
    "name": "Before Start in node_modules/egg-watcher/lib/init.js:15:14",
    "start": 1590200353000,
    "end": 1590200353237,
    "duration": 237,
    "pid": 1449,
    "index": 58
  },
  {
    "name": "Before Start in node_modules/egg-mongoose/lib/mongoose.js:91:7",
    "start": 1590200353162,
    "end": 1590200354720,
    "duration": 1558,
    "pid": 1449,
    "index": 59
  },
  {
    "name": "Before Start in node_modules/egg-mongoose/lib/mongoose.js:49:9",
    "start": 1590200353162,
    "end": 1590200353231,
    "duration": 69,
    "pid": 1449,
    "index": 60
  },
  {
    "name": "Load Service",
    "start": 1590200353162,
    "end": 1590200353167,
    "duration": 5,
    "pid": 1449,
    "index": 61
  },
  {
    "name": "Load \"service\" to Context",
    "start": 1590200353162,
    "end": 1590200353167,
    "duration": 5,
    "pid": 1449,
    "index": 62
  },
  {
    "name": "Load Middleware",
    "start": 1590200353167,
    "end": 1590200353207,
    "duration": 40,
    "pid": 1449,
    "index": 63
  },
  {
    "name": "Load \"middlewares\" to Application",
    "start": 1590200353167,
    "end": 1590200353202,
    "duration": 35,
    "pid": 1449,
    "index": 64
  },
  {
    "name": "Load Controller",
    "start": 1590200353207,
    "end": 1590200353212,
    "duration": 5,
    "pid": 1449,
    "index": 65
  },
  {
    "name": "Load \"controller\" to Application",
    "start": 1590200353207,
    "end": 1590200353212,
    "duration": 5,
    "pid": 1449,
    "index": 66
  },
  {
    "name": "Load Router",
    "start": 1590200353212,
    "end": 1590200353215,
    "duration": 3,
    "pid": 1449,
    "index": 67
  },
  {
    "name": "Require(49) app/router.js",
    "start": 1590200353212,
    "end": 1590200353213,
    "duration": 1,
    "pid": 1449,
    "index": 68
  },
  {
    "name": "Before Start in node_modules/egg-core/lib/egg.js:303:10",
    "start": 1590200353213,
    "end": 1590200353231,
    "duration": 18,
    "pid": 1449,
    "index": 69
  },
  {
    "name": "Load \"model\" to Application",
    "start": 1590200353220,
    "end": 1590200353231,
    "duration": 11,
    "pid": 1449,
    "index": 70
  }
]