[
  {
    "name": "Application Start",
    "start": 1590200278096,
    "end": 1590200279342,
    "duration": 1246,
    "pid": 391,
    "index": 0
  },
  {
    "name": "Load Plugin",
    "start": 1590200278098,
    "end": 1590200278102,
    "duration": 4,
    "pid": 391,
    "index": 1
  },
  {
    "name": "Load Config",
    "start": 1590200278102,
    "end": 1590200278118,
    "duration": 16,
    "pid": 391,
    "index": 2
  },
  {
    "name": "Require(0) config/config.default.js",
    "start": 1590200278103,
    "end": 1590200278103,
    "duration": 0,
    "pid": 391,
    "index": 3
  },
  {
    "name": "Require(1) node_modules/egg-session/config/config.default.js",
    "start": 1590200278104,
    "end": 1590200278104,
    "duration": 0,
    "pid": 391,
    "index": 4
  },
  {
    "name": "Require(2) node_modules/egg-security/config/config.default.js",
    "start": 1590200278105,
    "end": 1590200278105,
    "duration": 0,
    "pid": 391,
    "index": 5
  },
  {
    "name": "Require(3) node_modules/egg-jsonp/config/config.default.js",
    "start": 1590200278106,
    "end": 1590200278106,
    "duration": 0,
    "pid": 391,
    "index": 6
  },
  {
    "name": "Require(4) node_modules/egg-onerror/config/config.default.js",
    "start": 1590200278106,
    "end": 1590200278106,
    "duration": 0,
    "pid": 391,
    "index": 7
  },
  {
    "name": "Require(5) node_modules/egg-i18n/config/config.default.js",
    "start": 1590200278106,
    "end": 1590200278107,
    "duration": 1,
    "pid": 391,
    "index": 8
  },
  {
    "name": "Require(6) node_modules/egg-watcher/config/config.default.js",
    "start": 1590200278107,
    "end": 1590200278107,
    "duration": 0,
    "pid": 391,
    "index": 9
  },
  {
    "name": "Require(7) node_modules/egg-schedule/config/config.default.js",
    "start": 1590200278107,
    "end": 1590200278107,
    "duration": 0,
    "pid": 391,
    "index": 10
  },
  {
    "name": "Require(8) node_modules/egg-multipart/config/config.default.js",
    "start": 1590200278108,
    "end": 1590200278108,
    "duration": 0,
    "pid": 391,
    "index": 11
  },
  {
    "name": "Require(9) node_modules/egg-development/config/config.default.js",
    "start": 1590200278108,
    "end": 1590200278108,
    "duration": 0,
    "pid": 391,
    "index": 12
  },
  {
    "name": "Require(10) node_modules/egg-logrotator/config/config.default.js",
    "start": 1590200278108,
    "end": 1590200278109,
    "duration": 1,
    "pid": 391,
    "index": 13
  },
  {
    "name": "Require(11) node_modules/egg-static/config/config.default.js",
    "start": 1590200278109,
    "end": 1590200278109,
    "duration": 0,
    "pid": 391,
    "index": 14
  },
  {
    "name": "Require(12) node_modules/egg-view/config/config.default.js",
    "start": 1590200278109,
    "end": 1590200278109,
    "duration": 0,
    "pid": 391,
    "index": 15
  },
  {
    "name": "Require(13) node_modules/egg-mongoose/config/config.default.js",
    "start": 1590200278109,
    "end": 1590200278109,
    "duration": 0,
    "pid": 391,
    "index": 16
  },
  {
    "name": "Require(14) node_modules/egg-cors/config/config.default.js",
    "start": 1590200278110,
    "end": 1590200278110,
    "duration": 0,
    "pid": 391,
    "index": 17
  },
  {
    "name": "Require(15) node_modules/egg/config/config.default.js",
    "start": 1590200278110,
    "end": 1590200278110,
    "duration": 0,
    "pid": 391,
    "index": 18
  },
  {
    "name": "Require(16) config/config.default.js",
    "start": 1590200278111,
    "end": 1590200278111,
    "duration": 0,
    "pid": 391,
    "index": 19
  },
  {
    "name": "Require(17) node_modules/egg-security/config/config.local.js",
    "start": 1590200278111,
    "end": 1590200278111,
    "duration": 0,
    "pid": 391,
    "index": 20
  },
  {
    "name": "Require(18) node_modules/egg-watcher/config/config.local.js",
    "start": 1590200278112,
    "end": 1590200278112,
    "duration": 0,
    "pid": 391,
    "index": 21
  },
  {
    "name": "Require(19) node_modules/egg-view/config/config.local.js",
    "start": 1590200278117,
    "end": 1590200278117,
    "duration": 0,
    "pid": 391,
    "index": 22
  },
  {
    "name": "Require(20) node_modules/egg/config/config.local.js",
    "start": 1590200278118,
    "end": 1590200278118,
    "duration": 0,
    "pid": 391,
    "index": 23
  },
  {
    "name": "Load extend/application.js",
    "start": 1590200278119,
    "end": 1590200278122,
    "duration": 3,
    "pid": 391,
    "index": 24
  },
  {
    "name": "Require(21) node_modules/egg-session/app/extend/application.js",
    "start": 1590200278119,
    "end": 1590200278119,
    "duration": 0,
    "pid": 391,
    "index": 25
  },
  {
    "name": "Require(22) node_modules/egg-security/app/extend/application.js",
    "start": 1590200278119,
    "end": 1590200278119,
    "duration": 0,
    "pid": 391,
    "index": 26
  },
  {
    "name": "Require(23) node_modules/egg-jsonp/app/extend/application.js",
    "start": 1590200278120,
    "end": 1590200278120,
    "duration": 0,
    "pid": 391,
    "index": 27
  },
  {
    "name": "Require(24) node_modules/egg-logrotator/app/extend/application.js",
    "start": 1590200278120,
    "end": 1590200278121,
    "duration": 1,
    "pid": 391,
    "index": 28
  },
  {
    "name": "Require(25) node_modules/egg-view/app/extend/application.js",
    "start": 1590200278121,
    "end": 1590200278122,
    "duration": 1,
    "pid": 391,
    "index": 29
  },
  {
    "name": "Load extend/request.js",
    "start": 1590200278122,
    "end": 1590200278124,
    "duration": 2,
    "pid": 391,
    "index": 30
  },
  {
    "name": "Require(26) node_modules/egg/app/extend/request.js",
    "start": 1590200278123,
    "end": 1590200278123,
    "duration": 0,
    "pid": 391,
    "index": 31
  },
  {
    "name": "Load extend/response.js",
    "start": 1590200278124,
    "end": 1590200278125,
    "duration": 1,
    "pid": 391,
    "index": 32
  },
  {
    "name": "Require(27) node_modules/egg/app/extend/response.js",
    "start": 1590200278124,
    "end": 1590200278125,
    "duration": 1,
    "pid": 391,
    "index": 33
  },
  {
    "name": "Load extend/context.js",
    "start": 1590200278125,
    "end": 1590200278152,
    "duration": 27,
    "pid": 391,
    "index": 34
  },
  {
    "name": "Require(28) node_modules/egg-security/app/extend/context.js",
    "start": 1590200278125,
    "end": 1590200278128,
    "duration": 3,
    "pid": 391,
    "index": 35
  },
  {
    "name": "Require(29) node_modules/egg-jsonp/app/extend/context.js",
    "start": 1590200278128,
    "end": 1590200278128,
    "duration": 0,
    "pid": 391,
    "index": 36
  },
  {
    "name": "Require(30) node_modules/egg-i18n/app/extend/context.js",
    "start": 1590200278128,
    "end": 1590200278129,
    "duration": 1,
    "pid": 391,
    "index": 37
  },
  {
    "name": "Require(31) node_modules/egg-multipart/app/extend/context.js",
    "start": 1590200278129,
    "end": 1590200278150,
    "duration": 21,
    "pid": 391,
    "index": 38
  },
  {
    "name": "Require(32) node_modules/egg-view/app/extend/context.js",
    "start": 1590200278150,
    "end": 1590200278151,
    "duration": 1,
    "pid": 391,
    "index": 39
  },
  {
    "name": "Require(33) node_modules/egg-mongoose/app/extend/context.js",
    "start": 1590200278151,
    "end": 1590200278151,
    "duration": 0,
    "pid": 391,
    "index": 40
  },
  {
    "name": "Require(34) node_modules/egg/app/extend/context.js",
    "start": 1590200278151,
    "end": 1590200278151,
    "duration": 0,
    "pid": 391,
    "index": 41
  },
  {
    "name": "Load extend/helper.js",
    "start": 1590200278152,
    "end": 1590200278158,
    "duration": 6,
    "pid": 391,
    "index": 42
  },
  {
    "name": "Require(35) node_modules/egg-security/app/extend/helper.js",
    "start": 1590200278152,
    "end": 1590200278157,
    "duration": 5,
    "pid": 391,
    "index": 43
  },
  {
    "name": "Require(36) node_modules/egg/app/extend/helper.js",
    "start": 1590200278158,
    "end": 1590200278158,
    "duration": 0,
    "pid": 391,
    "index": 44
  },
  {
    "name": "Load app.js",
    "start": 1590200278158,
    "end": 1590200278169,
    "duration": 11,
    "pid": 391,
    "index": 45
  },
  {
    "name": "Require(37) node_modules/egg-session/app.js",
    "start": 1590200278158,
    "end": 1590200278159,
    "duration": 1,
    "pid": 391,
    "index": 46
  },
  {
    "name": "Require(38) node_modules/egg-security/app.js",
    "start": 1590200278159,
    "end": 1590200278159,
    "duration": 0,
    "pid": 391,
    "index": 47
  },
  {
    "name": "Require(39) node_modules/egg-onerror/app.js",
    "start": 1590200278159,
    "end": 1590200278162,
    "duration": 3,
    "pid": 391,
    "index": 48
  },
  {
    "name": "Require(40) node_modules/egg-i18n/app.js",
    "start": 1590200278162,
    "end": 1590200278166,
    "duration": 4,
    "pid": 391,
    "index": 49
  },
  {
    "name": "Require(41) node_modules/egg-watcher/app.js",
    "start": 1590200278166,
    "end": 1590200278167,
    "duration": 1,
    "pid": 391,
    "index": 50
  },
  {
    "name": "Require(42) node_modules/egg-schedule/app.js",
    "start": 1590200278167,
    "end": 1590200278167,
    "duration": 0,
    "pid": 391,
    "index": 51
  },
  {
    "name": "Require(43) node_modules/egg-multipart/app.js",
    "start": 1590200278167,
    "end": 1590200278167,
    "duration": 0,
    "pid": 391,
    "index": 52
  },
  {
    "name": "Require(44) node_modules/egg-development/app.js",
    "start": 1590200278168,
    "end": 1590200278168,
    "duration": 0,
    "pid": 391,
    "index": 53
  },
  {
    "name": "Require(45) node_modules/egg-logrotator/app.js",
    "start": 1590200278168,
    "end": 1590200278168,
    "duration": 0,
    "pid": 391,
    "index": 54
  },
  {
    "name": "Require(46) node_modules/egg-static/app.js",
    "start": 1590200278168,
    "end": 1590200278168,
    "duration": 0,
    "pid": 391,
    "index": 55
  },
  {
    "name": "Require(47) node_modules/egg-mongoose/app.js",
    "start": 1590200278168,
    "end": 1590200278168,
    "duration": 0,
    "pid": 391,
    "index": 56
  },
  {
    "name": "Require(48) node_modules/egg-cors/app.js",
    "start": 1590200278168,
    "end": 1590200278168,
    "duration": 0,
    "pid": 391,
    "index": 57
  },
  {
    "name": "Before Start in node_modules/egg-watcher/lib/init.js:15:14",
    "start": 1590200278174,
    "end": 1590200278423,
    "duration": 249,
    "pid": 391,
    "index": 58
  },
  {
    "name": "Before Start in node_modules/egg-mongoose/lib/mongoose.js:91:7",
    "start": 1590200278349,
    "end": 1590200279342,
    "duration": 993,
    "pid": 391,
    "index": 59
  },
  {
    "name": "Before Start in node_modules/egg-mongoose/lib/mongoose.js:49:9",
    "start": 1590200278349,
    "end": 1590200278415,
    "duration": 66,
    "pid": 391,
    "index": 60
  },
  {
    "name": "Load Service",
    "start": 1590200278350,
    "end": 1590200278352,
    "duration": 2,
    "pid": 391,
    "index": 61
  },
  {
    "name": "Load \"service\" to Context",
    "start": 1590200278350,
    "end": 1590200278352,
    "duration": 2,
    "pid": 391,
    "index": 62
  },
  {
    "name": "Load Middleware",
    "start": 1590200278352,
    "end": 1590200278389,
    "duration": 37,
    "pid": 391,
    "index": 63
  },
  {
    "name": "Load \"middlewares\" to Application",
    "start": 1590200278353,
    "end": 1590200278385,
    "duration": 32,
    "pid": 391,
    "index": 64
  },
  {
    "name": "Load Controller",
    "start": 1590200278389,
    "end": 1590200278393,
    "duration": 4,
    "pid": 391,
    "index": 65
  },
  {
    "name": "Load \"controller\" to Application",
    "start": 1590200278389,
    "end": 1590200278393,
    "duration": 4,
    "pid": 391,
    "index": 66
  },
  {
    "name": "Load Router",
    "start": 1590200278393,
    "end": 1590200278395,
    "duration": 2,
    "pid": 391,
    "index": 67
  },
  {
    "name": "Require(49) app/router.js",
    "start": 1590200278393,
    "end": 1590200278393,
    "duration": 0,
    "pid": 391,
    "index": 68
  },
  {
    "name": "Before Start in node_modules/egg-core/lib/egg.js:303:10",
    "start": 1590200278394,
    "end": 1590200278415,
    "duration": 21,
    "pid": 391,
    "index": 69
  },
  {
    "name": "Load \"model\" to Application",
    "start": 1590200278400,
    "end": 1590200278414,
    "duration": 14,
    "pid": 391,
    "index": 70
  }
]