[
  {
    "name": "Application Start",
    "start": 1590200897138,
    "end": 1590200898376,
    "duration": 1238,
    "pid": 15379,
    "index": 0
  },
  {
    "name": "Load Plugin",
    "start": 1590200897140,
    "end": 1590200897145,
    "duration": 5,
    "pid": 15379,
    "index": 1
  },
  {
    "name": "Load Config",
    "start": 1590200897145,
    "end": 1590200897155,
    "duration": 10,
    "pid": 15379,
    "index": 2
  },
  {
    "name": "Require(0) config/config.default.js",
    "start": 1590200897145,
    "end": 1590200897145,
    "duration": 0,
    "pid": 15379,
    "index": 3
  },
  {
    "name": "Require(1) node_modules/egg-session/config/config.default.js",
    "start": 1590200897146,
    "end": 1590200897146,
    "duration": 0,
    "pid": 15379,
    "index": 4
  },
  {
    "name": "Require(2) node_modules/egg-security/config/config.default.js",
    "start": 1590200897146,
    "end": 1590200897147,
    "duration": 1,
    "pid": 15379,
    "index": 5
  },
  {
    "name": "Require(3) node_modules/egg-jsonp/config/config.default.js",
    "start": 1590200897147,
    "end": 1590200897147,
    "duration": 0,
    "pid": 15379,
    "index": 6
  },
  {
    "name": "Require(4) node_modules/egg-onerror/config/config.default.js",
    "start": 1590200897147,
    "end": 1590200897148,
    "duration": 1,
    "pid": 15379,
    "index": 7
  },
  {
    "name": "Require(5) node_modules/egg-i18n/config/config.default.js",
    "start": 1590200897148,
    "end": 1590200897148,
    "duration": 0,
    "pid": 15379,
    "index": 8
  },
  {
    "name": "Require(6) node_modules/egg-watcher/config/config.default.js",
    "start": 1590200897148,
    "end": 1590200897148,
    "duration": 0,
    "pid": 15379,
    "index": 9
  },
  {
    "name": "Require(7) node_modules/egg-schedule/config/config.default.js",
    "start": 1590200897148,
    "end": 1590200897148,
    "duration": 0,
    "pid": 15379,
    "index": 10
  },
  {
    "name": "Require(8) node_modules/egg-multipart/config/config.default.js",
    "start": 1590200897149,
    "end": 1590200897149,
    "duration": 0,
    "pid": 15379,
    "index": 11
  },
  {
    "name": "Require(9) node_modules/egg-development/config/config.default.js",
    "start": 1590200897149,
    "end": 1590200897149,
    "duration": 0,
    "pid": 15379,
    "index": 12
  },
  {
    "name": "Require(10) node_modules/egg-logrotator/config/config.default.js",
    "start": 1590200897149,
    "end": 1590200897150,
    "duration": 1,
    "pid": 15379,
    "index": 13
  },
  {
    "name": "Require(11) node_modules/egg-static/config/config.default.js",
    "start": 1590200897150,
    "end": 1590200897150,
    "duration": 0,
    "pid": 15379,
    "index": 14
  },
  {
    "name": "Require(12) node_modules/egg-view/config/config.default.js",
    "start": 1590200897150,
    "end": 1590200897150,
    "duration": 0,
    "pid": 15379,
    "index": 15
  },
  {
    "name": "Require(13) node_modules/egg-mongoose/config/config.default.js",
    "start": 1590200897150,
    "end": 1590200897151,
    "duration": 1,
    "pid": 15379,
    "index": 16
  },
  {
    "name": "Require(14) node_modules/egg-cors/config/config.default.js",
    "start": 1590200897151,
    "end": 1590200897151,
    "duration": 0,
    "pid": 15379,
    "index": 17
  },
  {
    "name": "Require(15) node_modules/egg/config/config.default.js",
    "start": 1590200897151,
    "end": 1590200897151,
    "duration": 0,
    "pid": 15379,
    "index": 18
  },
  {
    "name": "Require(16) config/config.default.js",
    "start": 1590200897152,
    "end": 1590200897152,
    "duration": 0,
    "pid": 15379,
    "index": 19
  },
  {
    "name": "Require(17) node_modules/egg-security/config/config.local.js",
    "start": 1590200897153,
    "end": 1590200897153,
    "duration": 0,
    "pid": 15379,
    "index": 20
  },
  {
    "name": "Require(18) node_modules/egg-watcher/config/config.local.js",
    "start": 1590200897153,
    "end": 1590200897154,
    "duration": 1,
    "pid": 15379,
    "index": 21
  },
  {
    "name": "Require(19) node_modules/egg-view/config/config.local.js",
    "start": 1590200897154,
    "end": 1590200897154,
    "duration": 0,
    "pid": 15379,
    "index": 22
  },
  {
    "name": "Require(20) node_modules/egg/config/config.local.js",
    "start": 1590200897155,
    "end": 1590200897155,
    "duration": 0,
    "pid": 15379,
    "index": 23
  },
  {
    "name": "Load extend/application.js",
    "start": 1590200897156,
    "end": 1590200897161,
    "duration": 5,
    "pid": 15379,
    "index": 24
  },
  {
    "name": "Require(21) node_modules/egg-session/app/extend/application.js",
    "start": 1590200897156,
    "end": 1590200897157,
    "duration": 1,
    "pid": 15379,
    "index": 25
  },
  {
    "name": "Require(22) node_modules/egg-security/app/extend/application.js",
    "start": 1590200897157,
    "end": 1590200897157,
    "duration": 0,
    "pid": 15379,
    "index": 26
  },
  {
    "name": "Require(23) node_modules/egg-jsonp/app/extend/application.js",
    "start": 1590200897158,
    "end": 1590200897158,
    "duration": 0,
    "pid": 15379,
    "index": 27
  },
  {
    "name": "Require(24) node_modules/egg-logrotator/app/extend/application.js",
    "start": 1590200897158,
    "end": 1590200897159,
    "duration": 1,
    "pid": 15379,
    "index": 28
  },
  {
    "name": "Require(25) node_modules/egg-view/app/extend/application.js",
    "start": 1590200897159,
    "end": 1590200897160,
    "duration": 1,
    "pid": 15379,
    "index": 29
  },
  {
    "name": "Load extend/request.js",
    "start": 1590200897161,
    "end": 1590200897162,
    "duration": 1,
    "pid": 15379,
    "index": 30
  },
  {
    "name": "Require(26) node_modules/egg/app/extend/request.js",
    "start": 1590200897161,
    "end": 1590200897161,
    "duration": 0,
    "pid": 15379,
    "index": 31
  },
  {
    "name": "Load extend/response.js",
    "start": 1590200897162,
    "end": 1590200897164,
    "duration": 2,
    "pid": 15379,
    "index": 32
  },
  {
    "name": "Require(27) node_modules/egg/app/extend/response.js",
    "start": 1590200897163,
    "end": 1590200897163,
    "duration": 0,
    "pid": 15379,
    "index": 33
  },
  {
    "name": "Load extend/context.js",
    "start": 1590200897164,
    "end": 1590200897192,
    "duration": 28,
    "pid": 15379,
    "index": 34
  },
  {
    "name": "Require(28) node_modules/egg-security/app/extend/context.js",
    "start": 1590200897164,
    "end": 1590200897167,
    "duration": 3,
    "pid": 15379,
    "index": 35
  },
  {
    "name": "Require(29) node_modules/egg-jsonp/app/extend/context.js",
    "start": 1590200897167,
    "end": 1590200897167,
    "duration": 0,
    "pid": 15379,
    "index": 36
  },
  {
    "name": "Require(30) node_modules/egg-i18n/app/extend/context.js",
    "start": 1590200897167,
    "end": 1590200897168,
    "duration": 1,
    "pid": 15379,
    "index": 37
  },
  {
    "name": "Require(31) node_modules/egg-multipart/app/extend/context.js",
    "start": 1590200897168,
    "end": 1590200897191,
    "duration": 23,
    "pid": 15379,
    "index": 38
  },
  {
    "name": "Require(32) node_modules/egg-view/app/extend/context.js",
    "start": 1590200897191,
    "end": 1590200897191,
    "duration": 0,
    "pid": 15379,
    "index": 39
  },
  {
    "name": "Require(33) node_modules/egg-mongoose/app/extend/context.js",
    "start": 1590200897191,
    "end": 1590200897192,
    "duration": 1,
    "pid": 15379,
    "index": 40
  },
  {
    "name": "Require(34) node_modules/egg/app/extend/context.js",
    "start": 1590200897192,
    "end": 1590200897192,
    "duration": 0,
    "pid": 15379,
    "index": 41
  },
  {
    "name": "Load extend/helper.js",
    "start": 1590200897193,
    "end": 1590200897199,
    "duration": 6,
    "pid": 15379,
    "index": 42
  },
  {
    "name": "Require(35) node_modules/egg-security/app/extend/helper.js",
    "start": 1590200897193,
    "end": 1590200897198,
    "duration": 5,
    "pid": 15379,
    "index": 43
  },
  {
    "name": "Require(36) node_modules/egg/app/extend/helper.js",
    "start": 1590200897199,
    "end": 1590200897199,
    "duration": 0,
    "pid": 15379,
    "index": 44
  },
  {
    "name": "Load app.js",
    "start": 1590200897199,
    "end": 1590200897214,
    "duration": 15,
    "pid": 15379,
    "index": 45
  },
  {
    "name": "Require(37) node_modules/egg-session/app.js",
    "start": 1590200897199,
    "end": 1590200897200,
    "duration": 1,
    "pid": 15379,
    "index": 46
  },
  {
    "name": "Require(38) node_modules/egg-security/app.js",
    "start": 1590200897200,
    "end": 1590200897200,
    "duration": 0,
    "pid": 15379,
    "index": 47
  },
  {
    "name": "Require(39) node_modules/egg-onerror/app.js",
    "start": 1590200897200,
    "end": 1590200897203,
    "duration": 3,
    "pid": 15379,
    "index": 48
  },
  {
    "name": "Require(40) node_modules/egg-i18n/app.js",
    "start": 1590200897203,
    "end": 1590200897210,
    "duration": 7,
    "pid": 15379,
    "index": 49
  },
  {
    "name": "Require(41) node_modules/egg-watcher/app.js",
    "start": 1590200897211,
    "end": 1590200897212,
    "duration": 1,
    "pid": 15379,
    "index": 50
  },
  {
    "name": "Require(42) node_modules/egg-schedule/app.js",
    "start": 1590200897212,
    "end": 1590200897212,
    "duration": 0,
    "pid": 15379,
    "index": 51
  },
  {
    "name": "Require(43) node_modules/egg-multipart/app.js",
    "start": 1590200897212,
    "end": 1590200897212,
    "duration": 0,
    "pid": 15379,
    "index": 52
  },
  {
    "name": "Require(44) node_modules/egg-development/app.js",
    "start": 1590200897213,
    "end": 1590200897213,
    "duration": 0,
    "pid": 15379,
    "index": 53
  },
  {
    "name": "Require(45) node_modules/egg-logrotator/app.js",
    "start": 1590200897213,
    "end": 1590200897213,
    "duration": 0,
    "pid": 15379,
    "index": 54
  },
  {
    "name": "Require(46) node_modules/egg-static/app.js",
    "start": 1590200897213,
    "end": 1590200897213,
    "duration": 0,
    "pid": 15379,
    "index": 55
  },
  {
    "name": "Require(47) node_modules/egg-mongoose/app.js",
    "start": 1590200897213,
    "end": 1590200897213,
    "duration": 0,
    "pid": 15379,
    "index": 56
  },
  {
    "name": "Require(48) node_modules/egg-cors/app.js",
    "start": 1590200897213,
    "end": 1590200897213,
    "duration": 0,
    "pid": 15379,
    "index": 57
  },
  {
    "name": "Before Start in node_modules/egg-watcher/lib/init.js:15:14",
    "start": 1590200897220,
    "end": 1590200897459,
    "duration": 239,
    "pid": 15379,
    "index": 58
  },
  {
    "name": "Before Start in node_modules/egg-mongoose/lib/mongoose.js:91:7",
    "start": 1590200897385,
    "end": 1590200898375,
    "duration": 990,
    "pid": 15379,
    "index": 59
  },
  {
    "name": "Before Start in node_modules/egg-mongoose/lib/mongoose.js:49:9",
    "start": 1590200897385,
    "end": 1590200897452,
    "duration": 67,
    "pid": 15379,
    "index": 60
  },
  {
    "name": "Load Service",
    "start": 1590200897385,
    "end": 1590200897389,
    "duration": 4,
    "pid": 15379,
    "index": 61
  },
  {
    "name": "Load \"service\" to Context",
    "start": 1590200897386,
    "end": 1590200897389,
    "duration": 3,
    "pid": 15379,
    "index": 62
  },
  {
    "name": "Load Middleware",
    "start": 1590200897389,
    "end": 1590200897429,
    "duration": 40,
    "pid": 15379,
    "index": 63
  },
  {
    "name": "Load \"middlewares\" to Application",
    "start": 1590200897389,
    "end": 1590200897425,
    "duration": 36,
    "pid": 15379,
    "index": 64
  },
  {
    "name": "Load Controller",
    "start": 1590200897429,
    "end": 1590200897434,
    "duration": 5,
    "pid": 15379,
    "index": 65
  },
  {
    "name": "Load \"controller\" to Application",
    "start": 1590200897429,
    "end": 1590200897434,
    "duration": 5,
    "pid": 15379,
    "index": 66
  },
  {
    "name": "Load Router",
    "start": 1590200897434,
    "end": 1590200897436,
    "duration": 2,
    "pid": 15379,
    "index": 67
  },
  {
    "name": "Require(49) app/router.js",
    "start": 1590200897434,
    "end": 1590200897434,
    "duration": 0,
    "pid": 15379,
    "index": 68
  },
  {
    "name": "Before Start in node_modules/egg-core/lib/egg.js:303:10",
    "start": 1590200897434,
    "end": 1590200897452,
    "duration": 18,
    "pid": 15379,
    "index": 69
  },
  {
    "name": "Load \"model\" to Application",
    "start": 1590200897441,
    "end": 1590200897452,
    "duration": 11,
    "pid": 15379,
    "index": 70
  }
]