[
  {
    "name": "Application Start",
    "start": 1590200830762,
    "end": 1590200832072,
    "duration": 1310,
    "pid": 13331,
    "index": 0
  },
  {
    "name": "Load Plugin",
    "start": 1590200830764,
    "end": 1590200830768,
    "duration": 4,
    "pid": 13331,
    "index": 1
  },
  {
    "name": "Load Config",
    "start": 1590200830768,
    "end": 1590200830777,
    "duration": 9,
    "pid": 13331,
    "index": 2
  },
  {
    "name": "Require(0) config/config.default.js",
    "start": 1590200830769,
    "end": 1590200830769,
    "duration": 0,
    "pid": 13331,
    "index": 3
  },
  {
    "name": "Require(1) node_modules/egg-session/config/config.default.js",
    "start": 1590200830770,
    "end": 1590200830770,
    "duration": 0,
    "pid": 13331,
    "index": 4
  },
  {
    "name": "Require(2) node_modules/egg-security/config/config.default.js",
    "start": 1590200830770,
    "end": 1590200830770,
    "duration": 0,
    "pid": 13331,
    "index": 5
  },
  {
    "name": "Require(3) node_modules/egg-jsonp/config/config.default.js",
    "start": 1590200830771,
    "end": 1590200830771,
    "duration": 0,
    "pid": 13331,
    "index": 6
  },
  {
    "name": "Require(4) node_modules/egg-onerror/config/config.default.js",
    "start": 1590200830771,
    "end": 1590200830771,
    "duration": 0,
    "pid": 13331,
    "index": 7
  },
  {
    "name": "Require(5) node_modules/egg-i18n/config/config.default.js",
    "start": 1590200830771,
    "end": 1590200830772,
    "duration": 1,
    "pid": 13331,
    "index": 8
  },
  {
    "name": "Require(6) node_modules/egg-watcher/config/config.default.js",
    "start": 1590200830772,
    "end": 1590200830772,
    "duration": 0,
    "pid": 13331,
    "index": 9
  },
  {
    "name": "Require(7) node_modules/egg-schedule/config/config.default.js",
    "start": 1590200830772,
    "end": 1590200830772,
    "duration": 0,
    "pid": 13331,
    "index": 10
  },
  {
    "name": "Require(8) node_modules/egg-multipart/config/config.default.js",
    "start": 1590200830772,
    "end": 1590200830773,
    "duration": 1,
    "pid": 13331,
    "index": 11
  },
  {
    "name": "Require(9) node_modules/egg-development/config/config.default.js",
    "start": 1590200830773,
    "end": 1590200830773,
    "duration": 0,
    "pid": 13331,
    "index": 12
  },
  {
    "name": "Require(10) node_modules/egg-logrotator/config/config.default.js",
    "start": 1590200830773,
    "end": 1590200830773,
    "duration": 0,
    "pid": 13331,
    "index": 13
  },
  {
    "name": "Require(11) node_modules/egg-static/config/config.default.js",
    "start": 1590200830773,
    "end": 1590200830774,
    "duration": 1,
    "pid": 13331,
    "index": 14
  },
  {
    "name": "Require(12) node_modules/egg-view/config/config.default.js",
    "start": 1590200830774,
    "end": 1590200830774,
    "duration": 0,
    "pid": 13331,
    "index": 15
  },
  {
    "name": "Require(13) node_modules/egg-mongoose/config/config.default.js",
    "start": 1590200830774,
    "end": 1590200830774,
    "duration": 0,
    "pid": 13331,
    "index": 16
  },
  {
    "name": "Require(14) node_modules/egg-cors/config/config.default.js",
    "start": 1590200830774,
    "end": 1590200830775,
    "duration": 1,
    "pid": 13331,
    "index": 17
  },
  {
    "name": "Require(15) node_modules/egg/config/config.default.js",
    "start": 1590200830775,
    "end": 1590200830775,
    "duration": 0,
    "pid": 13331,
    "index": 18
  },
  {
    "name": "Require(16) config/config.default.js",
    "start": 1590200830776,
    "end": 1590200830776,
    "duration": 0,
    "pid": 13331,
    "index": 19
  },
  {
    "name": "Require(17) node_modules/egg-security/config/config.local.js",
    "start": 1590200830776,
    "end": 1590200830776,
    "duration": 0,
    "pid": 13331,
    "index": 20
  },
  {
    "name": "Require(18) node_modules/egg-watcher/config/config.local.js",
    "start": 1590200830776,
    "end": 1590200830777,
    "duration": 1,
    "pid": 13331,
    "index": 21
  },
  {
    "name": "Require(19) node_modules/egg-view/config/config.local.js",
    "start": 1590200830777,
    "end": 1590200830777,
    "duration": 0,
    "pid": 13331,
    "index": 22
  },
  {
    "name": "Require(20) node_modules/egg/config/config.local.js",
    "start": 1590200830777,
    "end": 1590200830777,
    "duration": 0,
    "pid": 13331,
    "index": 23
  },
  {
    "name": "Load extend/application.js",
    "start": 1590200830778,
    "end": 1590200830781,
    "duration": 3,
    "pid": 13331,
    "index": 24
  },
  {
    "name": "Require(21) node_modules/egg-session/app/extend/application.js",
    "start": 1590200830779,
    "end": 1590200830779,
    "duration": 0,
    "pid": 13331,
    "index": 25
  },
  {
    "name": "Require(22) node_modules/egg-security/app/extend/application.js",
    "start": 1590200830779,
    "end": 1590200830779,
    "duration": 0,
    "pid": 13331,
    "index": 26
  },
  {
    "name": "Require(23) node_modules/egg-jsonp/app/extend/application.js",
    "start": 1590200830779,
    "end": 1590200830780,
    "duration": 1,
    "pid": 13331,
    "index": 27
  },
  {
    "name": "Require(24) node_modules/egg-logrotator/app/extend/application.js",
    "start": 1590200830780,
    "end": 1590200830780,
    "duration": 0,
    "pid": 13331,
    "index": 28
  },
  {
    "name": "Require(25) node_modules/egg-view/app/extend/application.js",
    "start": 1590200830780,
    "end": 1590200830781,
    "duration": 1,
    "pid": 13331,
    "index": 29
  },
  {
    "name": "Load extend/request.js",
    "start": 1590200830781,
    "end": 1590200830783,
    "duration": 2,
    "pid": 13331,
    "index": 30
  },
  {
    "name": "Require(26) node_modules/egg/app/extend/request.js",
    "start": 1590200830782,
    "end": 1590200830782,
    "duration": 0,
    "pid": 13331,
    "index": 31
  },
  {
    "name": "Load extend/response.js",
    "start": 1590200830783,
    "end": 1590200830784,
    "duration": 1,
    "pid": 13331,
    "index": 32
  },
  {
    "name": "Require(27) node_modules/egg/app/extend/response.js",
    "start": 1590200830783,
    "end": 1590200830784,
    "duration": 1,
    "pid": 13331,
    "index": 33
  },
  {
    "name": "Load extend/context.js",
    "start": 1590200830784,
    "end": 1590200830813,
    "duration": 29,
    "pid": 13331,
    "index": 34
  },
  {
    "name": "Require(28) node_modules/egg-security/app/extend/context.js",
    "start": 1590200830784,
    "end": 1590200830787,
    "duration": 3,
    "pid": 13331,
    "index": 35
  },
  {
    "name": "Require(29) node_modules/egg-jsonp/app/extend/context.js",
    "start": 1590200830787,
    "end": 1590200830787,
    "duration": 0,
    "pid": 13331,
    "index": 36
  },
  {
    "name": "Require(30) node_modules/egg-i18n/app/extend/context.js",
    "start": 1590200830787,
    "end": 1590200830788,
    "duration": 1,
    "pid": 13331,
    "index": 37
  },
  {
    "name": "Require(31) node_modules/egg-multipart/app/extend/context.js",
    "start": 1590200830788,
    "end": 1590200830811,
    "duration": 23,
    "pid": 13331,
    "index": 38
  },
  {
    "name": "Require(32) node_modules/egg-view/app/extend/context.js",
    "start": 1590200830812,
    "end": 1590200830812,
    "duration": 0,
    "pid": 13331,
    "index": 39
  },
  {
    "name": "Require(33) node_modules/egg-mongoose/app/extend/context.js",
    "start": 1590200830812,
    "end": 1590200830812,
    "duration": 0,
    "pid": 13331,
    "index": 40
  },
  {
    "name": "Require(34) node_modules/egg/app/extend/context.js",
    "start": 1590200830812,
    "end": 1590200830813,
    "duration": 1,
    "pid": 13331,
    "index": 41
  },
  {
    "name": "Load extend/helper.js",
    "start": 1590200830813,
    "end": 1590200830820,
    "duration": 7,
    "pid": 13331,
    "index": 42
  },
  {
    "name": "Require(35) node_modules/egg-security/app/extend/helper.js",
    "start": 1590200830813,
    "end": 1590200830819,
    "duration": 6,
    "pid": 13331,
    "index": 43
  },
  {
    "name": "Require(36) node_modules/egg/app/extend/helper.js",
    "start": 1590200830819,
    "end": 1590200830820,
    "duration": 1,
    "pid": 13331,
    "index": 44
  },
  {
    "name": "Load app.js",
    "start": 1590200830820,
    "end": 1590200830841,
    "duration": 21,
    "pid": 13331,
    "index": 45
  },
  {
    "name": "Require(37) node_modules/egg-session/app.js",
    "start": 1590200830820,
    "end": 1590200830821,
    "duration": 1,
    "pid": 13331,
    "index": 46
  },
  {
    "name": "Require(38) node_modules/egg-security/app.js",
    "start": 1590200830821,
    "end": 1590200830821,
    "duration": 0,
    "pid": 13331,
    "index": 47
  },
  {
    "name": "Require(39) node_modules/egg-onerror/app.js",
    "start": 1590200830822,
    "end": 1590200830825,
    "duration": 3,
    "pid": 13331,
    "index": 48
  },
  {
    "name": "Require(40) node_modules/egg-i18n/app.js",
    "start": 1590200830825,
    "end": 1590200830837,
    "duration": 12,
    "pid": 13331,
    "index": 49
  },
  {
    "name": "Require(41) node_modules/egg-watcher/app.js",
    "start": 1590200830837,
    "end": 1590200830838,
    "duration": 1,
    "pid": 13331,
    "index": 50
  },
  {
    "name": "Require(42) node_modules/egg-schedule/app.js",
    "start": 1590200830838,
    "end": 1590200830839,
    "duration": 1,
    "pid": 13331,
    "index": 51
  },
  {
    "name": "Require(43) node_modules/egg-multipart/app.js",
    "start": 1590200830839,
    "end": 1590200830839,
    "duration": 0,
    "pid": 13331,
    "index": 52
  },
  {
    "name": "Require(44) node_modules/egg-development/app.js",
    "start": 1590200830839,
    "end": 1590200830840,
    "duration": 1,
    "pid": 13331,
    "index": 53
  },
  {
    "name": "Require(45) node_modules/egg-logrotator/app.js",
    "start": 1590200830840,
    "end": 1590200830840,
    "duration": 0,
    "pid": 13331,
    "index": 54
  },
  {
    "name": "Require(46) node_modules/egg-static/app.js",
    "start": 1590200830840,
    "end": 1590200830840,
    "duration": 0,
    "pid": 13331,
    "index": 55
  },
  {
    "name": "Require(47) node_modules/egg-mongoose/app.js",
    "start": 1590200830840,
    "end": 1590200830840,
    "duration": 0,
    "pid": 13331,
    "index": 56
  },
  {
    "name": "Require(48) node_modules/egg-cors/app.js",
    "start": 1590200830840,
    "end": 1590200830840,
    "duration": 0,
    "pid": 13331,
    "index": 57
  },
  {
    "name": "Before Start in node_modules/egg-watcher/lib/init.js:15:14",
    "start": 1590200830847,
    "end": 1590200831124,
    "duration": 277,
    "pid": 13331,
    "index": 58
  },
  {
    "name": "Before Start in node_modules/egg-mongoose/lib/mongoose.js:91:7",
    "start": 1590200831032,
    "end": 1590200832071,
    "duration": 1039,
    "pid": 13331,
    "index": 59
  },
  {
    "name": "Before Start in node_modules/egg-mongoose/lib/mongoose.js:49:9",
    "start": 1590200831032,
    "end": 1590200831117,
    "duration": 85,
    "pid": 13331,
    "index": 60
  },
  {
    "name": "Load Service",
    "start": 1590200831032,
    "end": 1590200831035,
    "duration": 3,
    "pid": 13331,
    "index": 61
  },
  {
    "name": "Load \"service\" to Context",
    "start": 1590200831032,
    "end": 1590200831035,
    "duration": 3,
    "pid": 13331,
    "index": 62
  },
  {
    "name": "Load Middleware",
    "start": 1590200831036,
    "end": 1590200831083,
    "duration": 47,
    "pid": 13331,
    "index": 63
  },
  {
    "name": "Load \"middlewares\" to Application",
    "start": 1590200831036,
    "end": 1590200831077,
    "duration": 41,
    "pid": 13331,
    "index": 64
  },
  {
    "name": "Load Controller",
    "start": 1590200831083,
    "end": 1590200831094,
    "duration": 11,
    "pid": 13331,
    "index": 65
  },
  {
    "name": "Load \"controller\" to Application",
    "start": 1590200831083,
    "end": 1590200831093,
    "duration": 10,
    "pid": 13331,
    "index": 66
  },
  {
    "name": "Load Router",
    "start": 1590200831094,
    "end": 1590200831097,
    "duration": 3,
    "pid": 13331,
    "index": 67
  },
  {
    "name": "Require(49) app/router.js",
    "start": 1590200831094,
    "end": 1590200831094,
    "duration": 0,
    "pid": 13331,
    "index": 68
  },
  {
    "name": "Before Start in node_modules/egg-core/lib/egg.js:303:10",
    "start": 1590200831095,
    "end": 1590200831117,
    "duration": 22,
    "pid": 13331,
    "index": 69
  },
  {
    "name": "Load \"model\" to Application",
    "start": 1590200831104,
    "end": 1590200831116,
    "duration": 12,
    "pid": 13331,
    "index": 70
  }
]