[
  {
    "name": "Application Start",
    "start": 1590201084994,
    "end": 1590201086280,
    "duration": 1286,
    "pid": 21217,
    "index": 0
  },
  {
    "name": "Load Plugin",
    "start": 1590201084995,
    "end": 1590201085000,
    "duration": 5,
    "pid": 21217,
    "index": 1
  },
  {
    "name": "Load Config",
    "start": 1590201085000,
    "end": 1590201085009,
    "duration": 9,
    "pid": 21217,
    "index": 2
  },
  {
    "name": "Require(0) config/config.default.js",
    "start": 1590201085000,
    "end": 1590201085000,
    "duration": 0,
    "pid": 21217,
    "index": 3
  },
  {
    "name": "Require(1) node_modules/egg-session/config/config.default.js",
    "start": 1590201085001,
    "end": 1590201085001,
    "duration": 0,
    "pid": 21217,
    "index": 4
  },
  {
    "name": "Require(2) node_modules/egg-security/config/config.default.js",
    "start": 1590201085001,
    "end": 1590201085001,
    "duration": 0,
    "pid": 21217,
    "index": 5
  },
  {
    "name": "Require(3) node_modules/egg-jsonp/config/config.default.js",
    "start": 1590201085002,
    "end": 1590201085002,
    "duration": 0,
    "pid": 21217,
    "index": 6
  },
  {
    "name": "Require(4) node_modules/egg-onerror/config/config.default.js",
    "start": 1590201085002,
    "end": 1590201085002,
    "duration": 0,
    "pid": 21217,
    "index": 7
  },
  {
    "name": "Require(5) node_modules/egg-i18n/config/config.default.js",
    "start": 1590201085003,
    "end": 1590201085003,
    "duration": 0,
    "pid": 21217,
    "index": 8
  },
  {
    "name": "Require(6) node_modules/egg-watcher/config/config.default.js",
    "start": 1590201085003,
    "end": 1590201085003,
    "duration": 0,
    "pid": 21217,
    "index": 9
  },
  {
    "name": "Require(7) node_modules/egg-schedule/config/config.default.js",
    "start": 1590201085003,
    "end": 1590201085003,
    "duration": 0,
    "pid": 21217,
    "index": 10
  },
  {
    "name": "Require(8) node_modules/egg-multipart/config/config.default.js",
    "start": 1590201085003,
    "end": 1590201085004,
    "duration": 1,
    "pid": 21217,
    "index": 11
  },
  {
    "name": "Require(9) node_modules/egg-development/config/config.default.js",
    "start": 1590201085004,
    "end": 1590201085004,
    "duration": 0,
    "pid": 21217,
    "index": 12
  },
  {
    "name": "Require(10) node_modules/egg-logrotator/config/config.default.js",
    "start": 1590201085004,
    "end": 1590201085004,
    "duration": 0,
    "pid": 21217,
    "index": 13
  },
  {
    "name": "Require(11) node_modules/egg-static/config/config.default.js",
    "start": 1590201085004,
    "end": 1590201085005,
    "duration": 1,
    "pid": 21217,
    "index": 14
  },
  {
    "name": "Require(12) node_modules/egg-view/config/config.default.js",
    "start": 1590201085005,
    "end": 1590201085005,
    "duration": 0,
    "pid": 21217,
    "index": 15
  },
  {
    "name": "Require(13) node_modules/egg-mongoose/config/config.default.js",
    "start": 1590201085005,
    "end": 1590201085005,
    "duration": 0,
    "pid": 21217,
    "index": 16
  },
  {
    "name": "Require(14) node_modules/egg-cors/config/config.default.js",
    "start": 1590201085005,
    "end": 1590201085006,
    "duration": 1,
    "pid": 21217,
    "index": 17
  },
  {
    "name": "Require(15) node_modules/egg/config/config.default.js",
    "start": 1590201085006,
    "end": 1590201085006,
    "duration": 0,
    "pid": 21217,
    "index": 18
  },
  {
    "name": "Require(16) config/config.default.js",
    "start": 1590201085007,
    "end": 1590201085007,
    "duration": 0,
    "pid": 21217,
    "index": 19
  },
  {
    "name": "Require(17) node_modules/egg-security/config/config.local.js",
    "start": 1590201085007,
    "end": 1590201085008,
    "duration": 1,
    "pid": 21217,
    "index": 20
  },
  {
    "name": "Require(18) node_modules/egg-watcher/config/config.local.js",
    "start": 1590201085008,
    "end": 1590201085008,
    "duration": 0,
    "pid": 21217,
    "index": 21
  },
  {
    "name": "Require(19) node_modules/egg-view/config/config.local.js",
    "start": 1590201085008,
    "end": 1590201085008,
    "duration": 0,
    "pid": 21217,
    "index": 22
  },
  {
    "name": "Require(20) node_modules/egg/config/config.local.js",
    "start": 1590201085009,
    "end": 1590201085009,
    "duration": 0,
    "pid": 21217,
    "index": 23
  },
  {
    "name": "Load extend/application.js",
    "start": 1590201085010,
    "end": 1590201085013,
    "duration": 3,
    "pid": 21217,
    "index": 24
  },
  {
    "name": "Require(21) node_modules/egg-session/app/extend/application.js",
    "start": 1590201085010,
    "end": 1590201085010,
    "duration": 0,
    "pid": 21217,
    "index": 25
  },
  {
    "name": "Require(22) node_modules/egg-security/app/extend/application.js",
    "start": 1590201085010,
    "end": 1590201085011,
    "duration": 1,
    "pid": 21217,
    "index": 26
  },
  {
    "name": "Require(23) node_modules/egg-jsonp/app/extend/application.js",
    "start": 1590201085011,
    "end": 1590201085011,
    "duration": 0,
    "pid": 21217,
    "index": 27
  },
  {
    "name": "Require(24) node_modules/egg-logrotator/app/extend/application.js",
    "start": 1590201085011,
    "end": 1590201085012,
    "duration": 1,
    "pid": 21217,
    "index": 28
  },
  {
    "name": "Require(25) node_modules/egg-view/app/extend/application.js",
    "start": 1590201085012,
    "end": 1590201085012,
    "duration": 0,
    "pid": 21217,
    "index": 29
  },
  {
    "name": "Load extend/request.js",
    "start": 1590201085013,
    "end": 1590201085014,
    "duration": 1,
    "pid": 21217,
    "index": 30
  },
  {
    "name": "Require(26) node_modules/egg/app/extend/request.js",
    "start": 1590201085013,
    "end": 1590201085014,
    "duration": 1,
    "pid": 21217,
    "index": 31
  },
  {
    "name": "Load extend/response.js",
    "start": 1590201085014,
    "end": 1590201085015,
    "duration": 1,
    "pid": 21217,
    "index": 32
  },
  {
    "name": "Require(27) node_modules/egg/app/extend/response.js",
    "start": 1590201085015,
    "end": 1590201085015,
    "duration": 0,
    "pid": 21217,
    "index": 33
  },
  {
    "name": "Load extend/context.js",
    "start": 1590201085015,
    "end": 1590201085043,
    "duration": 28,
    "pid": 21217,
    "index": 34
  },
  {
    "name": "Require(28) node_modules/egg-security/app/extend/context.js",
    "start": 1590201085016,
    "end": 1590201085018,
    "duration": 2,
    "pid": 21217,
    "index": 35
  },
  {
    "name": "Require(29) node_modules/egg-jsonp/app/extend/context.js",
    "start": 1590201085018,
    "end": 1590201085018,
    "duration": 0,
    "pid": 21217,
    "index": 36
  },
  {
    "name": "Require(30) node_modules/egg-i18n/app/extend/context.js",
    "start": 1590201085019,
    "end": 1590201085019,
    "duration": 0,
    "pid": 21217,
    "index": 37
  },
  {
    "name": "Require(31) node_modules/egg-multipart/app/extend/context.js",
    "start": 1590201085019,
    "end": 1590201085041,
    "duration": 22,
    "pid": 21217,
    "index": 38
  },
  {
    "name": "Require(32) node_modules/egg-view/app/extend/context.js",
    "start": 1590201085041,
    "end": 1590201085042,
    "duration": 1,
    "pid": 21217,
    "index": 39
  },
  {
    "name": "Require(33) node_modules/egg-mongoose/app/extend/context.js",
    "start": 1590201085042,
    "end": 1590201085042,
    "duration": 0,
    "pid": 21217,
    "index": 40
  },
  {
    "name": "Require(34) node_modules/egg/app/extend/context.js",
    "start": 1590201085042,
    "end": 1590201085042,
    "duration": 0,
    "pid": 21217,
    "index": 41
  },
  {
    "name": "Load extend/helper.js",
    "start": 1590201085043,
    "end": 1590201085049,
    "duration": 6,
    "pid": 21217,
    "index": 42
  },
  {
    "name": "Require(35) node_modules/egg-security/app/extend/helper.js",
    "start": 1590201085043,
    "end": 1590201085049,
    "duration": 6,
    "pid": 21217,
    "index": 43
  },
  {
    "name": "Require(36) node_modules/egg/app/extend/helper.js",
    "start": 1590201085049,
    "end": 1590201085049,
    "duration": 0,
    "pid": 21217,
    "index": 44
  },
  {
    "name": "Load app.js",
    "start": 1590201085050,
    "end": 1590201085064,
    "duration": 14,
    "pid": 21217,
    "index": 45
  },
  {
    "name": "Require(37) node_modules/egg-session/app.js",
    "start": 1590201085050,
    "end": 1590201085050,
    "duration": 0,
    "pid": 21217,
    "index": 46
  },
  {
    "name": "Require(38) node_modules/egg-security/app.js",
    "start": 1590201085050,
    "end": 1590201085050,
    "duration": 0,
    "pid": 21217,
    "index": 47
  },
  {
    "name": "Require(39) node_modules/egg-onerror/app.js",
    "start": 1590201085051,
    "end": 1590201085053,
    "duration": 2,
    "pid": 21217,
    "index": 48
  },
  {
    "name": "Require(40) node_modules/egg-i18n/app.js",
    "start": 1590201085053,
    "end": 1590201085060,
    "duration": 7,
    "pid": 21217,
    "index": 49
  },
  {
    "name": "Require(41) node_modules/egg-watcher/app.js",
    "start": 1590201085060,
    "end": 1590201085061,
    "duration": 1,
    "pid": 21217,
    "index": 50
  },
  {
    "name": "Require(42) node_modules/egg-schedule/app.js",
    "start": 1590201085061,
    "end": 1590201085062,
    "duration": 1,
    "pid": 21217,
    "index": 51
  },
  {
    "name": "Require(43) node_modules/egg-multipart/app.js",
    "start": 1590201085062,
    "end": 1590201085062,
    "duration": 0,
    "pid": 21217,
    "index": 52
  },
  {
    "name": "Require(44) node_modules/egg-development/app.js",
    "start": 1590201085062,
    "end": 1590201085062,
    "duration": 0,
    "pid": 21217,
    "index": 53
  },
  {
    "name": "Require(45) node_modules/egg-logrotator/app.js",
    "start": 1590201085062,
    "end": 1590201085062,
    "duration": 0,
    "pid": 21217,
    "index": 54
  },
  {
    "name": "Require(46) node_modules/egg-static/app.js",
    "start": 1590201085062,
    "end": 1590201085063,
    "duration": 1,
    "pid": 21217,
    "index": 55
  },
  {
    "name": "Require(47) node_modules/egg-mongoose/app.js",
    "start": 1590201085063,
    "end": 1590201085063,
    "duration": 0,
    "pid": 21217,
    "index": 56
  },
  {
    "name": "Require(48) node_modules/egg-cors/app.js",
    "start": 1590201085063,
    "end": 1590201085063,
    "duration": 0,
    "pid": 21217,
    "index": 57
  },
  {
    "name": "Before Start in node_modules/egg-watcher/lib/init.js:15:14",
    "start": 1590201085070,
    "end": 1590201085343,
    "duration": 273,
    "pid": 21217,
    "index": 58
  },
  {
    "name": "Before Start in node_modules/egg-mongoose/lib/mongoose.js:91:7",
    "start": 1590201085271,
    "end": 1590201086279,
    "duration": 1008,
    "pid": 21217,
    "index": 59
  },
  {
    "name": "Before Start in node_modules/egg-mongoose/lib/mongoose.js:49:9",
    "start": 1590201085271,
    "end": 1590201085335,
    "duration": 64,
    "pid": 21217,
    "index": 60
  },
  {
    "name": "Load Service",
    "start": 1590201085271,
    "end": 1590201085274,
    "duration": 3,
    "pid": 21217,
    "index": 61
  },
  {
    "name": "Load \"service\" to Context",
    "start": 1590201085271,
    "end": 1590201085274,
    "duration": 3,
    "pid": 21217,
    "index": 62
  },
  {
    "name": "Load Middleware",
    "start": 1590201085274,
    "end": 1590201085311,
    "duration": 37,
    "pid": 21217,
    "index": 63
  },
  {
    "name": "Load \"middlewares\" to Application",
    "start": 1590201085274,
    "end": 1590201085307,
    "duration": 33,
    "pid": 21217,
    "index": 64
  },
  {
    "name": "Load Controller",
    "start": 1590201085311,
    "end": 1590201085316,
    "duration": 5,
    "pid": 21217,
    "index": 65
  },
  {
    "name": "Load \"controller\" to Application",
    "start": 1590201085311,
    "end": 1590201085316,
    "duration": 5,
    "pid": 21217,
    "index": 66
  },
  {
    "name": "Load Router",
    "start": 1590201085316,
    "end": 1590201085318,
    "duration": 2,
    "pid": 21217,
    "index": 67
  },
  {
    "name": "Require(49) app/router.js",
    "start": 1590201085316,
    "end": 1590201085316,
    "duration": 0,
    "pid": 21217,
    "index": 68
  },
  {
    "name": "Before Start in node_modules/egg-core/lib/egg.js:303:10",
    "start": 1590201085317,
    "end": 1590201085335,
    "duration": 18,
    "pid": 21217,
    "index": 69
  },
  {
    "name": "Load \"model\" to Application",
    "start": 1590201085323,
    "end": 1590201085335,
    "duration": 12,
    "pid": 21217,
    "index": 70
  }
]