[
  {
    "name": "Application Start",
    "start": 1590200105874,
    "end": 1590200107130,
    "duration": 1256,
    "pid": 30932,
    "index": 0
  },
  {
    "name": "Load Plugin",
    "start": 1590200105876,
    "end": 1590200105880,
    "duration": 4,
    "pid": 30932,
    "index": 1
  },
  {
    "name": "Load Config",
    "start": 1590200105880,
    "end": 1590200105891,
    "duration": 11,
    "pid": 30932,
    "index": 2
  },
  {
    "name": "Require(0) config/config.default.js",
    "start": 1590200105880,
    "end": 1590200105881,
    "duration": 1,
    "pid": 30932,
    "index": 3
  },
  {
    "name": "Require(1) node_modules/egg-session/config/config.default.js",
    "start": 1590200105881,
    "end": 1590200105882,
    "duration": 1,
    "pid": 30932,
    "index": 4
  },
  {
    "name": "Require(2) node_modules/egg-security/config/config.default.js",
    "start": 1590200105882,
    "end": 1590200105882,
    "duration": 0,
    "pid": 30932,
    "index": 5
  },
  {
    "name": "Require(3) node_modules/egg-jsonp/config/config.default.js",
    "start": 1590200105883,
    "end": 1590200105883,
    "duration": 0,
    "pid": 30932,
    "index": 6
  },
  {
    "name": "Require(4) node_modules/egg-onerror/config/config.default.js",
    "start": 1590200105883,
    "end": 1590200105883,
    "duration": 0,
    "pid": 30932,
    "index": 7
  },
  {
    "name": "Require(5) node_modules/egg-i18n/config/config.default.js",
    "start": 1590200105883,
    "end": 1590200105883,
    "duration": 0,
    "pid": 30932,
    "index": 8
  },
  {
    "name": "Require(6) node_modules/egg-watcher/config/config.default.js",
    "start": 1590200105883,
    "end": 1590200105884,
    "duration": 1,
    "pid": 30932,
    "index": 9
  },
  {
    "name": "Require(7) node_modules/egg-schedule/config/config.default.js",
    "start": 1590200105884,
    "end": 1590200105884,
    "duration": 0,
    "pid": 30932,
    "index": 10
  },
  {
    "name": "Require(8) node_modules/egg-multipart/config/config.default.js",
    "start": 1590200105884,
    "end": 1590200105884,
    "duration": 0,
    "pid": 30932,
    "index": 11
  },
  {
    "name": "Require(9) node_modules/egg-development/config/config.default.js",
    "start": 1590200105884,
    "end": 1590200105885,
    "duration": 1,
    "pid": 30932,
    "index": 12
  },
  {
    "name": "Require(10) node_modules/egg-logrotator/config/config.default.js",
    "start": 1590200105885,
    "end": 1590200105885,
    "duration": 0,
    "pid": 30932,
    "index": 13
  },
  {
    "name": "Require(11) node_modules/egg-static/config/config.default.js",
    "start": 1590200105885,
    "end": 1590200105885,
    "duration": 0,
    "pid": 30932,
    "index": 14
  },
  {
    "name": "Require(12) node_modules/egg-view/config/config.default.js",
    "start": 1590200105885,
    "end": 1590200105886,
    "duration": 1,
    "pid": 30932,
    "index": 15
  },
  {
    "name": "Require(13) node_modules/egg-mongoose/config/config.default.js",
    "start": 1590200105888,
    "end": 1590200105888,
    "duration": 0,
    "pid": 30932,
    "index": 16
  },
  {
    "name": "Require(14) node_modules/egg-cors/config/config.default.js",
    "start": 1590200105889,
    "end": 1590200105889,
    "duration": 0,
    "pid": 30932,
    "index": 17
  },
  {
    "name": "Require(15) node_modules/egg/config/config.default.js",
    "start": 1590200105889,
    "end": 1590200105889,
    "duration": 0,
    "pid": 30932,
    "index": 18
  },
  {
    "name": "Require(16) config/config.default.js",
    "start": 1590200105890,
    "end": 1590200105890,
    "duration": 0,
    "pid": 30932,
    "index": 19
  },
  {
    "name": "Require(17) node_modules/egg-security/config/config.local.js",
    "start": 1590200105890,
    "end": 1590200105890,
    "duration": 0,
    "pid": 30932,
    "index": 20
  },
  {
    "name": "Require(18) node_modules/egg-watcher/config/config.local.js",
    "start": 1590200105891,
    "end": 1590200105891,
    "duration": 0,
    "pid": 30932,
    "index": 21
  },
  {
    "name": "Require(19) node_modules/egg-view/config/config.local.js",
    "start": 1590200105891,
    "end": 1590200105891,
    "duration": 0,
    "pid": 30932,
    "index": 22
  },
  {
    "name": "Require(20) node_modules/egg/config/config.local.js",
    "start": 1590200105891,
    "end": 1590200105891,
    "duration": 0,
    "pid": 30932,
    "index": 23
  },
  {
    "name": "Load extend/application.js",
    "start": 1590200105892,
    "end": 1590200105895,
    "duration": 3,
    "pid": 30932,
    "index": 24
  },
  {
    "name": "Require(21) node_modules/egg-session/app/extend/application.js",
    "start": 1590200105892,
    "end": 1590200105892,
    "duration": 0,
    "pid": 30932,
    "index": 25
  },
  {
    "name": "Require(22) node_modules/egg-security/app/extend/application.js",
    "start": 1590200105893,
    "end": 1590200105893,
    "duration": 0,
    "pid": 30932,
    "index": 26
  },
  {
    "name": "Require(23) node_modules/egg-jsonp/app/extend/application.js",
    "start": 1590200105893,
    "end": 1590200105893,
    "duration": 0,
    "pid": 30932,
    "index": 27
  },
  {
    "name": "Require(24) node_modules/egg-logrotator/app/extend/application.js",
    "start": 1590200105894,
    "end": 1590200105894,
    "duration": 0,
    "pid": 30932,
    "index": 28
  },
  {
    "name": "Require(25) node_modules/egg-view/app/extend/application.js",
    "start": 1590200105894,
    "end": 1590200105894,
    "duration": 0,
    "pid": 30932,
    "index": 29
  },
  {
    "name": "Load extend/request.js",
    "start": 1590200105895,
    "end": 1590200105896,
    "duration": 1,
    "pid": 30932,
    "index": 30
  },
  {
    "name": "Require(26) node_modules/egg/app/extend/request.js",
    "start": 1590200105895,
    "end": 1590200105896,
    "duration": 1,
    "pid": 30932,
    "index": 31
  },
  {
    "name": "Load extend/response.js",
    "start": 1590200105896,
    "end": 1590200105897,
    "duration": 1,
    "pid": 30932,
    "index": 32
  },
  {
    "name": "Require(27) node_modules/egg/app/extend/response.js",
    "start": 1590200105897,
    "end": 1590200105897,
    "duration": 0,
    "pid": 30932,
    "index": 33
  },
  {
    "name": "Load extend/context.js",
    "start": 1590200105897,
    "end": 1590200105926,
    "duration": 29,
    "pid": 30932,
    "index": 34
  },
  {
    "name": "Require(28) node_modules/egg-security/app/extend/context.js",
    "start": 1590200105898,
    "end": 1590200105900,
    "duration": 2,
    "pid": 30932,
    "index": 35
  },
  {
    "name": "Require(29) node_modules/egg-jsonp/app/extend/context.js",
    "start": 1590200105900,
    "end": 1590200105900,
    "duration": 0,
    "pid": 30932,
    "index": 36
  },
  {
    "name": "Require(30) node_modules/egg-i18n/app/extend/context.js",
    "start": 1590200105901,
    "end": 1590200105901,
    "duration": 0,
    "pid": 30932,
    "index": 37
  },
  {
    "name": "Require(31) node_modules/egg-multipart/app/extend/context.js",
    "start": 1590200105901,
    "end": 1590200105924,
    "duration": 23,
    "pid": 30932,
    "index": 38
  },
  {
    "name": "Require(32) node_modules/egg-view/app/extend/context.js",
    "start": 1590200105924,
    "end": 1590200105925,
    "duration": 1,
    "pid": 30932,
    "index": 39
  },
  {
    "name": "Require(33) node_modules/egg-mongoose/app/extend/context.js",
    "start": 1590200105925,
    "end": 1590200105925,
    "duration": 0,
    "pid": 30932,
    "index": 40
  },
  {
    "name": "Require(34) node_modules/egg/app/extend/context.js",
    "start": 1590200105925,
    "end": 1590200105925,
    "duration": 0,
    "pid": 30932,
    "index": 41
  },
  {
    "name": "Load extend/helper.js",
    "start": 1590200105926,
    "end": 1590200105933,
    "duration": 7,
    "pid": 30932,
    "index": 42
  },
  {
    "name": "Require(35) node_modules/egg-security/app/extend/helper.js",
    "start": 1590200105926,
    "end": 1590200105932,
    "duration": 6,
    "pid": 30932,
    "index": 43
  },
  {
    "name": "Require(36) node_modules/egg/app/extend/helper.js",
    "start": 1590200105932,
    "end": 1590200105932,
    "duration": 0,
    "pid": 30932,
    "index": 44
  },
  {
    "name": "Load app.js",
    "start": 1590200105933,
    "end": 1590200105944,
    "duration": 11,
    "pid": 30932,
    "index": 45
  },
  {
    "name": "Require(37) node_modules/egg-session/app.js",
    "start": 1590200105933,
    "end": 1590200105933,
    "duration": 0,
    "pid": 30932,
    "index": 46
  },
  {
    "name": "Require(38) node_modules/egg-security/app.js",
    "start": 1590200105933,
    "end": 1590200105934,
    "duration": 1,
    "pid": 30932,
    "index": 47
  },
  {
    "name": "Require(39) node_modules/egg-onerror/app.js",
    "start": 1590200105934,
    "end": 1590200105936,
    "duration": 2,
    "pid": 30932,
    "index": 48
  },
  {
    "name": "Require(40) node_modules/egg-i18n/app.js",
    "start": 1590200105936,
    "end": 1590200105941,
    "duration": 5,
    "pid": 30932,
    "index": 49
  },
  {
    "name": "Require(41) node_modules/egg-watcher/app.js",
    "start": 1590200105941,
    "end": 1590200105942,
    "duration": 1,
    "pid": 30932,
    "index": 50
  },
  {
    "name": "Require(42) node_modules/egg-schedule/app.js",
    "start": 1590200105942,
    "end": 1590200105943,
    "duration": 1,
    "pid": 30932,
    "index": 51
  },
  {
    "name": "Require(43) node_modules/egg-multipart/app.js",
    "start": 1590200105943,
    "end": 1590200105943,
    "duration": 0,
    "pid": 30932,
    "index": 52
  },
  {
    "name": "Require(44) node_modules/egg-development/app.js",
    "start": 1590200105943,
    "end": 1590200105943,
    "duration": 0,
    "pid": 30932,
    "index": 53
  },
  {
    "name": "Require(45) node_modules/egg-logrotator/app.js",
    "start": 1590200105943,
    "end": 1590200105943,
    "duration": 0,
    "pid": 30932,
    "index": 54
  },
  {
    "name": "Require(46) node_modules/egg-static/app.js",
    "start": 1590200105943,
    "end": 1590200105944,
    "duration": 1,
    "pid": 30932,
    "index": 55
  },
  {
    "name": "Require(47) node_modules/egg-mongoose/app.js",
    "start": 1590200105944,
    "end": 1590200105944,
    "duration": 0,
    "pid": 30932,
    "index": 56
  },
  {
    "name": "Require(48) node_modules/egg-cors/app.js",
    "start": 1590200105944,
    "end": 1590200105944,
    "duration": 0,
    "pid": 30932,
    "index": 57
  },
  {
    "name": "Before Start in node_modules/egg-watcher/lib/init.js:15:14",
    "start": 1590200105951,
    "end": 1590200106196,
    "duration": 245,
    "pid": 30932,
    "index": 58
  },
  {
    "name": "Before Start in node_modules/egg-mongoose/lib/mongoose.js:91:7",
    "start": 1590200106125,
    "end": 1590200107130,
    "duration": 1005,
    "pid": 30932,
    "index": 59
  },
  {
    "name": "Before Start in node_modules/egg-mongoose/lib/mongoose.js:49:9",
    "start": 1590200106125,
    "end": 1590200106190,
    "duration": 65,
    "pid": 30932,
    "index": 60
  },
  {
    "name": "Load Service",
    "start": 1590200106125,
    "end": 1590200106128,
    "duration": 3,
    "pid": 30932,
    "index": 61
  },
  {
    "name": "Load \"service\" to Context",
    "start": 1590200106125,
    "end": 1590200106128,
    "duration": 3,
    "pid": 30932,
    "index": 62
  },
  {
    "name": "Load Middleware",
    "start": 1590200106128,
    "end": 1590200106165,
    "duration": 37,
    "pid": 30932,
    "index": 63
  },
  {
    "name": "Load \"middlewares\" to Application",
    "start": 1590200106128,
    "end": 1590200106160,
    "duration": 32,
    "pid": 30932,
    "index": 64
  },
  {
    "name": "Load Controller",
    "start": 1590200106165,
    "end": 1590200106169,
    "duration": 4,
    "pid": 30932,
    "index": 65
  },
  {
    "name": "Load \"controller\" to Application",
    "start": 1590200106165,
    "end": 1590200106169,
    "duration": 4,
    "pid": 30932,
    "index": 66
  },
  {
    "name": "Load Router",
    "start": 1590200106169,
    "end": 1590200106172,
    "duration": 3,
    "pid": 30932,
    "index": 67
  },
  {
    "name": "Require(49) app/router.js",
    "start": 1590200106170,
    "end": 1590200106170,
    "duration": 0,
    "pid": 30932,
    "index": 68
  },
  {
    "name": "Before Start in node_modules/egg-core/lib/egg.js:303:10",
    "start": 1590200106170,
    "end": 1590200106190,
    "duration": 20,
    "pid": 30932,
    "index": 69
  },
  {
    "name": "Load \"model\" to Application",
    "start": 1590200106180,
    "end": 1590200106190,
    "duration": 10,
    "pid": 30932,
    "index": 70
  }
]